20:49:37 [autopublish.veto] Veto deadline passed — publishing 'You are what you do; now act like it'
20:49:37 [autopublish.publisher] Saved /Users/esther/Documents/from the abysmal (site)/posts/2026-04-13-you-are-what-you-do-now-act-like-it.html
20:49:37 [autopublish.publisher] Updated posts.js with 2026-04-13-you-are-what-you-do-now-act-like-it.html
20:49:37 [paramiko.transport] Connected (version 2.0, client OpenSSH_8.4p1)
20:49:37 [paramiko.transport] Authentication (password) successful!
20:49:38 [paramiko.transport.sftp] [chan 0] Opened sftp connection (server version 3)
20:49:38 [autopublish.publisher] Uploaded posts.js to /fromtheabysmal.net/posts.js
20:49:38 [autopublish.publisher] Uploaded /fromtheabysmal.net/posts/2026-04-13-you-are-what-you-do-now-act-like-it.html
20:49:38 [autopublish.publisher] Uploaded /fromtheabysmal.net/posts/2026-03-04-hello-world.html
20:49:38 [paramiko.transport.sftp] [chan 0] sftp session closed.
20:49:38 [autopublish.publisher] SFTP upload complete
20:49:39 [autopublish.notifier] Email sent to mutativedesign@gmail.com: "You are what you do; now act like it" is live
20:49:39 [autopublish.veto] Published: 2026-04-13-you-are-what-you-do-now-act-like-it.html
12:38:06 [autopublish.veto] Received edited text for 'great millennial startup idea of the century' — running editorial pass then publishing
12:38:06 [autopublish.veto] Date override in reply: 2026-03-10-great-millennial-startup-idea-of-the-century → 2026-02-04-great-millennial-startup-idea-of-the-century
12:39:48 [autopublish.veto] Editorial pass made 1 fix(es) on reply
12:39:48 [autopublish.publisher] Saved /Users/esther/Documents/from the abysmal (site)/posts/2026-02-04-great-millennial-startup-idea-of-the-century.html
12:39:48 [autopublish.publisher] Updated posts.js with 2026-02-04-great-millennial-startup-idea-of-the-century.html
12:39:48 [paramiko.transport] Connected (version 2.0, client OpenSSH_8.4p1)
12:39:49 [paramiko.transport] Authentication (password) successful!
12:39:49 [paramiko.transport.sftp] [chan 0] Opened sftp connection (server version 3)
12:39:49 [autopublish.publisher] Uploaded posts.js to /fromtheabysmal.net/posts.js
12:39:49 [autopublish.publisher] Uploaded /fromtheabysmal.net/posts/2026-03-11-you-are-what-you-do-now-act-like-it.html
12:39:49 [autopublish.publisher] Uploaded /fromtheabysmal.net/posts/2026-03-04-hello-world.html
12:39:49 [autopublish.publisher] Uploaded /fromtheabysmal.net/posts/2026-02-04-great-millennial-startup-idea-of-the-century.html
12:39:49 [paramiko.transport.sftp] [chan 0] sftp session closed.
12:39:49 [autopublish.publisher] SFTP upload complete
12:39:51 [autopublish.notifier] Email sent to mutativedesign@gmail.com: "great millennial startup idea of the century" is live
12:39:51 [autopublish.veto] Published (with edits): 2026-02-04-great-millennial-startup-idea-of-the-century.html
08:53:38 [autopublish.publisher] Source changed for 'great millennial startup idea of the century' — re-publishing
08:53:38 [autopublish.publisher] Saved /Users/esther/Documents/from the abysmal (site)/posts/2026-02-04-great-millennial-startup-idea-of-the-century.html
08:53:38 [paramiko.transport] Connected (version 2.0, client OpenSSH_8.4p1)
08:53:38 [paramiko.transport] Authentication (password) successful!
08:53:39 [paramiko.transport.sftp] [chan 0] Opened sftp connection (server version 3)
08:53:39 [autopublish.publisher] Uploaded posts.js to /fromtheabysmal.net/posts.js
08:53:39 [autopublish.publisher] Uploaded /fromtheabysmal.net/posts/2026-03-11-you-are-what-you-do-now-act-like-it.html
08:53:39 [autopublish.publisher] Uploaded /fromtheabysmal.net/posts/2026-03-04-hello-world.html
08:53:39 [autopublish.publisher] Uploaded /fromtheabysmal.net/posts/2026-02-04-great-millennial-startup-idea-of-the-century.html
08:53:39 [paramiko.transport.sftp] [chan 0] sftp session closed.
08:53:39 [autopublish.publisher] SFTP upload complete
08:53:41 [autopublish.notifier] Email sent to mutativedesign@gmail.com: "great millennial startup idea of the century" updated
08:53:41 [autopublish.publisher] Re-published 'great millennial startup idea of the century' with revision date 2026-04-17
10:31:04 [autopublish.publisher] Source changed for 'great millennial startup idea of the century' — re-publishing
10:31:04 [autopublish.publisher] Saved /Users/esther/Documents/from the abysmal (site)/posts/2026-02-04-great-millennial-startup-idea-of-the-century.html
10:31:04 [paramiko.transport] Connected (version 2.0, client OpenSSH_8.4p1)
10:31:04 [paramiko.transport] Authentication (password) successful!
10:31:05 [paramiko.transport.sftp] [chan 0] Opened sftp connection (server version 3)
10:31:05 [autopublish.publisher] Uploaded posts.js to /fromtheabysmal.net/posts.js
10:31:05 [autopublish.publisher] Uploaded /fromtheabysmal.net/posts/2026-03-11-you-are-what-you-do-now-act-like-it.html
10:31:05 [autopublish.publisher] Uploaded /fromtheabysmal.net/posts/2026-03-04-hello-world.html
10:31:05 [autopublish.publisher] Uploaded /fromtheabysmal.net/posts/2026-02-04-great-millennial-startup-idea-of-the-century.html
10:31:05 [paramiko.transport.sftp] [chan 0] sftp session closed.
10:31:05 [autopublish.publisher] SFTP upload complete
10:31:07 [autopublish.notifier] Email sent to mutativedesign@gmail.com: "great millennial startup idea of the century" updated
10:31:07 [autopublish.publisher] Re-published 'great millennial startup idea of the century' with revision date 2026-04-17
12:01:08 [autopublish.publisher] Source changed for 'great millennial startup idea of the century' — re-publishing
12:01:08 [autopublish.publisher] Saved /Users/esther/Documents/from the abysmal (site)/posts/2026-02-04-great-millennial-startup-idea-of-the-century.html
12:01:08 [paramiko.transport] Connected (version 2.0, client OpenSSH_8.4p1)
12:01:08 [paramiko.transport] Authentication (password) successful!
12:01:09 [paramiko.transport.sftp] [chan 0] Opened sftp connection (server version 3)
12:01:09 [autopublish.publisher] Uploaded posts.js to /fromtheabysmal.net/posts.js
12:01:09 [autopublish.publisher] Uploaded /fromtheabysmal.net/posts/2026-03-11-you-are-what-you-do-now-act-like-it.html
12:01:09 [autopublish.publisher] Uploaded /fromtheabysmal.net/posts/2026-03-04-hello-world.html
12:01:09 [autopublish.publisher] Uploaded /fromtheabysmal.net/posts/2026-02-04-great-millennial-startup-idea-of-the-century.html
12:01:09 [paramiko.transport.sftp] [chan 0] sftp session closed.
12:01:09 [autopublish.publisher] SFTP upload complete
12:01:13 [autopublish.notifier] Email sent to mutativedesign@gmail.com: "great millennial startup idea of the century" updated
12:01:13 [autopublish.publisher] Re-published 'great millennial startup idea of the century' with revision date 2026-04-17
12:31:15 [autopublish.veto] Received edited text for 'the computer that stayed' — running editorial pass then publishing
12:31:15 [autopublish.veto] Date override in reply: 2026-03-09
12:31:15 [autopublish.veto] Wrote email edits back to letters meta 1.txt
12:31:15 [autopublish.veto] Title override in reply: 'Trying my best to write down What Is New to get over my fear of Publishing On Substack (1)'
12:31:54 [autopublish.veto] Editorial pass made 1 fix(es) on reply
12:31:54 [autopublish.publisher] Saved /Users/esther/Documents/from the abysmal (site)/posts/2026-03-09-trying-my-best-to-write-down-what-is-new-to-get-over-my-fear.html
12:31:54 [autopublish.publisher] Updated posts.js with 2026-03-09-trying-my-best-to-write-down-what-is-new-to-get-over-my-fear.html (4 total posts)
12:31:57 [paramiko.transport] Connected (version 2.0, client OpenSSH_8.4p1)
12:31:57 [paramiko.transport] Authentication (password) successful!
12:31:57 [paramiko.transport.sftp] [chan 0] Opened sftp connection (server version 3)
12:31:58 [autopublish.publisher] Uploaded posts.js to /fromtheabysmal.net/posts.js
12:31:58 [autopublish.publisher] Uploaded /fromtheabysmal.net/posts/2026-03-11-you-are-what-you-do-now-act-like-it.html
12:31:58 [autopublish.publisher] Uploaded /fromtheabysmal.net/posts/2026-03-04-hello-world.html
12:31:58 [autopublish.publisher] Uploaded /fromtheabysmal.net/posts/2026-03-09-trying-my-best-to-write-down-what-is-new-to-get-over-my-fear.html
12:31:58 [autopublish.publisher] Uploaded /fromtheabysmal.net/posts/2026-02-04-great-millennial-startup-idea-of-the-century.html
12:31:58 [paramiko.transport.sftp] [chan 0] sftp session closed.
12:31:58 [autopublish.publisher] SFTP upload complete
12:31:59 [autopublish.notifier] Email sent to mutativedesign@gmail.com: "Trying my best to write down What Is New to get over my fear of Publishing On Substack (1)" is live
12:31:59 [autopublish.veto] Published (with edits): 2026-03-09-trying-my-best-to-write-down-what-is-new-to-get-over-my-fear.html
12:31:59 [autopublish.publisher] Source changed for 'You are what you do; now act like it' — re-publishing
12:31:59 [autopublish.publisher] Saved /Users/esther/Documents/from the abysmal (site)/posts/2026-03-11-you-are-what-you-do-now-act-like-it.html
12:31:59 [paramiko.transport] Connected (version 2.0, client OpenSSH_8.4p1)
12:32:00 [paramiko.transport] Authentication (password) successful!
12:32:00 [paramiko.transport.sftp] [chan 0] Opened sftp connection (server version 3)
12:32:00 [autopublish.publisher] Uploaded posts.js to /fromtheabysmal.net/posts.js
12:32:00 [autopublish.publisher] Uploaded /fromtheabysmal.net/posts/2026-03-11-you-are-what-you-do-now-act-like-it.html
12:32:00 [autopublish.publisher] Uploaded /fromtheabysmal.net/posts/2026-03-04-hello-world.html
12:32:00 [autopublish.publisher] Uploaded /fromtheabysmal.net/posts/2026-03-09-trying-my-best-to-write-down-what-is-new-to-get-over-my-fear.html
12:32:01 [autopublish.publisher] Uploaded /fromtheabysmal.net/posts/2026-02-04-great-millennial-startup-idea-of-the-century.html
12:32:01 [paramiko.transport.sftp] [chan 0] sftp session closed.
12:32:01 [autopublish.publisher] SFTP upload complete
12:32:02 [autopublish.notifier] Email sent to mutativedesign@gmail.com: "You are what you do; now act like it" updated
12:32:02 [autopublish.publisher] Re-published 'You are what you do; now act like it' with revision date 2026-04-17
12:32:02 [autopublish.publisher] Source changed for 'great millennial startup idea of the century' — re-publishing
12:32:02 [autopublish.publisher] Saved /Users/esther/Documents/from the abysmal (site)/posts/2026-02-04-great-millennial-startup-idea-of-the-century.html
12:32:02 [paramiko.transport] Connected (version 2.0, client OpenSSH_8.4p1)
12:32:02 [paramiko.transport] Authentication (password) successful!
12:32:03 [paramiko.transport.sftp] [chan 0] Opened sftp connection (server version 3)
12:32:03 [autopublish.publisher] Uploaded posts.js to /fromtheabysmal.net/posts.js
12:32:03 [autopublish.publisher] Uploaded /fromtheabysmal.net/posts/2026-03-11-you-are-what-you-do-now-act-like-it.html
12:32:03 [autopublish.publisher] Uploaded /fromtheabysmal.net/posts/2026-03-04-hello-world.html
12:32:03 [autopublish.publisher] Uploaded /fromtheabysmal.net/posts/2026-03-09-trying-my-best-to-write-down-what-is-new-to-get-over-my-fear.html
12:32:03 [autopublish.publisher] Uploaded /fromtheabysmal.net/posts/2026-02-04-great-millennial-startup-idea-of-the-century.html
12:32:03 [paramiko.transport.sftp] [chan 0] sftp session closed.
12:32:03 [autopublish.publisher] SFTP upload complete
12:32:04 [autopublish.notifier] Email sent to mutativedesign@gmail.com: "great millennial startup idea of the century" updated
12:32:04 [autopublish.publisher] Re-published 'great millennial startup idea of the century' with revision date 2026-04-17
13:32:05 [autopublish.publisher] Source changed for 'Trying my best to write down What Is New to get over my fear of Publishing On Substack (1)' — re-publishing
13:32:05 [autopublish.publisher] Saved /Users/esther/Documents/from the abysmal (site)/posts/2026-03-09-trying-my-best-to-write-down-what-is-new-to-get-over-my-fear.html
13:32:05 [paramiko.transport] Connected (version 2.0, client OpenSSH_8.4p1)
13:32:05 [paramiko.transport] Authentication (password) successful!
13:32:06 [paramiko.transport.sftp] [chan 0] Opened sftp connection (server version 3)
13:32:06 [autopublish.publisher] Uploaded posts.js to /fromtheabysmal.net/posts.js
13:32:06 [autopublish.publisher] Uploaded /fromtheabysmal.net/posts/2026-03-11-you-are-what-you-do-now-act-like-it.html
13:32:06 [autopublish.publisher] Uploaded /fromtheabysmal.net/posts/2026-03-04-hello-world.html
13:32:06 [autopublish.publisher] Uploaded /fromtheabysmal.net/posts/2026-03-09-trying-my-best-to-write-down-what-is-new-to-get-over-my-fear.html
13:32:06 [autopublish.publisher] Uploaded /fromtheabysmal.net/posts/2026-02-04-great-millennial-startup-idea-of-the-century.html
13:32:06 [paramiko.transport.sftp] [chan 0] sftp session closed.
13:32:06 [autopublish.publisher] SFTP upload complete
13:32:08 [autopublish.notifier] Email sent to mutativedesign@gmail.com: "Trying my best to write down What Is New to get over my fear of Publishing On Substack (1)" updated
13:32:08 [autopublish.publisher] Re-published 'Trying my best to write down What Is New to get over my fear of Publishing On Substack (1)' with revision date 2026-04-17
15:00:51 [autopublish.publisher] Source changed for 'great millennial startup idea of the century' — re-publishing
15:00:51 [autopublish.publisher] Date override in source file: 2026-04-15
15:00:51 [autopublish.publisher] Saved /Users/esther/Documents/from the abysmal (site)/posts/2026-04-15-great-millennial-startup-idea-of-the-century.html
15:00:51 [autopublish.publisher] Removed old post file 2026-02-04-great-millennial-startup-idea-of-the-century.html
15:00:51 [autopublish.publisher] Updated posts.js with 2026-04-15-great-millennial-startup-idea-of-the-century.html (4 total posts)
15:00:51 [paramiko.transport] Connected (version 2.0, client OpenSSH_8.4p1)
15:00:51 [paramiko.transport] Authentication (password) successful!
15:00:52 [paramiko.transport.sftp] [chan 0] Opened sftp connection (server version 3)
15:00:52 [autopublish.publisher] Uploaded posts.js to /fromtheabysmal.net/posts.js
15:00:52 [autopublish.publisher] Uploaded /fromtheabysmal.net/posts/2026-03-11-you-are-what-you-do-now-act-like-it.html
15:00:53 [autopublish.publisher] Uploaded /fromtheabysmal.net/posts/2026-03-04-hello-world.html
15:00:53 [autopublish.publisher] Uploaded /fromtheabysmal.net/posts/2026-03-09-trying-my-best-to-write-down-what-is-new-to-get-over-my-fear.html
15:00:53 [autopublish.publisher] Uploaded /fromtheabysmal.net/posts/2026-04-15-great-millennial-startup-idea-of-the-century.html
15:00:53 [paramiko.transport.sftp] [chan 0] sftp session closed.
15:00:53 [autopublish.publisher] SFTP upload complete
15:00:56 [autopublish.notifier] Email sent to mutativedesign@gmail.com: "great millennial startup idea of the century" updated
15:00:56 [autopublish.publisher] Re-published 'great millennial startup idea of the century' as 2026-04-15-great-millennial-startup-idea-of-the-century with revision date 2026-04-17
15:30:57 [autopublish.publisher] Source changed for 'great millennial startup idea of the century' — re-publishing
15:30:57 [autopublish.publisher] Date override in source file: 2026-04-15
15:30:57 [autopublish.publisher] Saved /Users/esther/Documents/from the abysmal (site)/posts/2026-04-15-great-millennial-startup-idea-of-the-century.html
15:30:57 [autopublish.publisher] Updated posts.js with 2026-04-15-great-millennial-startup-idea-of-the-century.html (4 total posts)
15:30:57 [paramiko.transport] Connected (version 2.0, client OpenSSH_8.4p1)
15:30:57 [paramiko.transport] Authentication (password) successful!
15:30:57 [paramiko.transport.sftp] [chan 0] Opened sftp connection (server version 3)
15:30:57 [autopublish.publisher] Uploaded posts.js to /fromtheabysmal.net/posts.js
15:30:58 [autopublish.publisher] Uploaded /fromtheabysmal.net/posts/2026-03-11-you-are-what-you-do-now-act-like-it.html
15:30:58 [autopublish.publisher] Uploaded /fromtheabysmal.net/posts/2026-03-04-hello-world.html
15:30:58 [autopublish.publisher] Uploaded /fromtheabysmal.net/posts/2026-03-09-trying-my-best-to-write-down-what-is-new-to-get-over-my-fear.html
15:30:58 [autopublish.publisher] Uploaded /fromtheabysmal.net/posts/2026-04-15-great-millennial-startup-idea-of-the-century.html
15:30:58 [paramiko.transport.sftp] [chan 0] sftp session closed.
15:30:58 [autopublish.publisher] SFTP upload complete
15:30:59 [autopublish.notifier] Email sent to mutativedesign@gmail.com: "great millennial startup idea of the century" updated
15:30:59 [autopublish.publisher] Re-published 'great millennial startup idea of the century' as 2026-04-15-great-millennial-startup-idea-of-the-century with revision date 2026-04-17
16:01:00 [autopublish.publisher] Source changed for 'great millennial startup idea of the century' — re-publishing
16:01:00 [autopublish.publisher] Date override in source file: 2026-04-15
16:01:00 [autopublish.publisher] Saved /Users/esther/Documents/from the abysmal (site)/posts/2026-04-15-great-millennial-startup-idea-of-the-century.html
16:01:00 [autopublish.publisher] Updated posts.js with 2026-04-15-great-millennial-startup-idea-of-the-century.html (4 total posts)
16:01:00 [paramiko.transport] Connected (version 2.0, client OpenSSH_8.4p1)
16:01:00 [paramiko.transport] Authentication (password) successful!
16:01:01 [paramiko.transport.sftp] [chan 0] Opened sftp connection (server version 3)
16:01:01 [autopublish.publisher] Uploaded posts.js to /fromtheabysmal.net/posts.js
16:01:01 [autopublish.publisher] Uploaded /fromtheabysmal.net/posts/2026-03-11-you-are-what-you-do-now-act-like-it.html
16:01:01 [autopublish.publisher] Uploaded /fromtheabysmal.net/posts/2026-03-04-hello-world.html
16:01:01 [autopublish.publisher] Uploaded /fromtheabysmal.net/posts/2026-03-09-trying-my-best-to-write-down-what-is-new-to-get-over-my-fear.html
16:01:01 [autopublish.publisher] Uploaded /fromtheabysmal.net/posts/2026-04-15-great-millennial-startup-idea-of-the-century.html
16:01:01 [paramiko.transport.sftp] [chan 0] sftp session closed.
16:01:01 [autopublish.publisher] SFTP upload complete
16:01:03 [autopublish.notifier] Email sent to mutativedesign@gmail.com: "great millennial startup idea of the century" updated
16:01:03 [autopublish.publisher] Re-published 'great millennial startup idea of the century' as 2026-04-15-great-millennial-startup-idea-of-the-century with revision date 2026-04-17
17:31:04 [autopublish.publisher] Source changed for 'great millennial startup idea of the century' — re-publishing
17:31:04 [autopublish.publisher] Date override in source file: 2026-04-15
17:31:04 [autopublish.publisher] Saved /Users/esther/Documents/from the abysmal (site)/posts/2026-04-15-great-millennial-startup-idea-of-the-century.html
17:31:04 [autopublish.publisher] Updated posts.js with 2026-04-15-great-millennial-startup-idea-of-the-century.html (4 total posts)
17:31:04 [paramiko.transport] Connected (version 2.0, client OpenSSH_8.4p1)
17:31:04 [paramiko.transport] Authentication (password) successful!
17:31:05 [paramiko.transport.sftp] [chan 0] Opened sftp connection (server version 3)
17:31:05 [autopublish.publisher] Uploaded posts.js to /fromtheabysmal.net/posts.js
17:31:05 [autopublish.publisher] Uploaded /fromtheabysmal.net/posts/2026-03-11-you-are-what-you-do-now-act-like-it.html
17:31:05 [autopublish.publisher] Uploaded /fromtheabysmal.net/posts/2026-03-04-hello-world.html
17:31:05 [autopublish.publisher] Uploaded /fromtheabysmal.net/posts/2026-03-09-trying-my-best-to-write-down-what-is-new-to-get-over-my-fear.html
17:31:05 [autopublish.publisher] Uploaded /fromtheabysmal.net/posts/2026-04-15-great-millennial-startup-idea-of-the-century.html
17:31:05 [paramiko.transport.sftp] [chan 0] sftp session closed.
17:31:05 [autopublish.publisher] SFTP upload complete
17:31:07 [autopublish.notifier] Email sent to mutativedesign@gmail.com: "great millennial startup idea of the century" updated
17:31:07 [autopublish.publisher] Re-published 'great millennial startup idea of the century' as 2026-04-15-great-millennial-startup-idea-of-the-century with revision date 2026-04-17
09:38:14 [autopublish.publisher] Source changed for 'great millennial startup idea of the century' — re-publishing
09:38:14 [autopublish.publisher] Saved /Users/esther/Documents/from the abysmal (site)/posts/2026-04-15-great-millennial-startup-idea-of-the-century.html
09:38:14 [autopublish.publisher] Updated posts.js with 2026-04-15-great-millennial-startup-idea-of-the-century.html (4 total posts)
09:38:15 [paramiko.transport] Connected (version 2.0, client OpenSSH_8.4p1)
09:38:15 [paramiko.transport] Authentication (password) successful!
09:38:15 [paramiko.transport.sftp] [chan 0] Opened sftp connection (server version 3)
09:38:16 [autopublish.publisher] Uploaded posts.js to /fromtheabysmal.net/posts.js
09:38:16 [autopublish.publisher] Uploaded /fromtheabysmal.net/posts/2026-03-11-you-are-what-you-do-now-act-like-it.html
09:38:16 [autopublish.publisher] Uploaded /fromtheabysmal.net/posts/2026-03-04-hello-world.html
09:38:16 [autopublish.publisher] Uploaded /fromtheabysmal.net/posts/2026-03-09-trying-my-best-to-write-down-what-is-new-to-get-over-my-fear.html
09:38:16 [autopublish.publisher] Uploaded /fromtheabysmal.net/posts/2026-04-15-great-millennial-startup-idea-of-the-century.html
09:38:16 [paramiko.transport.sftp] [chan 0] sftp session closed.
09:38:16 [autopublish.publisher] SFTP upload complete
09:38:18 [autopublish.notifier] Email sent to mutativedesign@gmail.com: "great millennial startup idea of the century" updated
09:38:18 [autopublish.publisher] Re-published 'great millennial startup idea of the century' as 2026-04-15-great-millennial-startup-idea-of-the-century with revision date 2026-04-18
13:45:10 [autopublish.veto] Received edited text for 'Trying my best to write down What Is New to get over my fear of Publishing On Substack (2' — running editorial pass then publishing
13:45:10 [autopublish.veto] Wrote email edits back to trying my best to write down what's new 2.txt
13:45:10 [autopublish.veto] Title override in reply: 'Trying my best to write down What Is New to get over my fear of'
13:46:29 [autopublish.veto] Editorial pass made 5 fix(es) on reply
13:46:29 [autopublish.publisher] Saved /Users/esther/Documents/from the abysmal (site)/posts/2026-04-20-trying-my-best-to-write-down-what-is-new-to-get-over-my-fear.html
13:46:29 [autopublish.publisher] Updated posts.js with 2026-04-20-trying-my-best-to-write-down-what-is-new-to-get-over-my-fear.html (5 total posts)
13:46:30 [paramiko.transport] Connected (version 2.0, client OpenSSH_8.4p1)
13:46:30 [paramiko.transport] Authentication (password) successful!
13:46:30 [paramiko.transport.sftp] [chan 0] Opened sftp connection (server version 3)
13:46:30 [autopublish.publisher] Uploaded posts.js to /fromtheabysmal.net/posts.js
13:46:30 [autopublish.publisher] Uploaded /fromtheabysmal.net/posts/2026-03-11-you-are-what-you-do-now-act-like-it.html
13:46:31 [autopublish.publisher] Uploaded /fromtheabysmal.net/posts/2026-03-04-hello-world.html
13:46:31 [autopublish.publisher] Uploaded /fromtheabysmal.net/posts/2026-04-20-trying-my-best-to-write-down-what-is-new-to-get-over-my-fear.html
13:46:31 [autopublish.publisher] Uploaded /fromtheabysmal.net/posts/2026-03-09-trying-my-best-to-write-down-what-is-new-to-get-over-my-fear.html
13:46:31 [autopublish.publisher] Uploaded /fromtheabysmal.net/posts/2026-04-15-great-millennial-startup-idea-of-the-century.html
13:46:31 [paramiko.transport.sftp] [chan 0] sftp session closed.
13:46:31 [autopublish.publisher] SFTP upload complete
13:47:02 [autopublish.notifier] Email sent to mutativedesign@gmail.com: "Trying my best to write down What Is New to get over my fear of" is live
13:47:02 [autopublish.veto] Published (with edits): 2026-04-20-trying-my-best-to-write-down-what-is-new-to-get-over-my-fear.html
14:17:03 [autopublish.publisher] Source changed for 'Trying my best to write down What Is New to get over my fear of' — re-publishing
14:17:03 [autopublish.publisher] Saved /Users/esther/Documents/from the abysmal (site)/posts/2026-04-20-trying-my-best-to-write-down-what-is-new-to-get-over-my-fear.html
14:17:03 [autopublish.publisher] Updated posts.js with 2026-04-20-trying-my-best-to-write-down-what-is-new-to-get-over-my-fear.html (5 total posts)
14:17:06 [paramiko.transport] Connected (version 2.0, client OpenSSH_8.4p1)
14:17:06 [paramiko.transport] Authentication (password) successful!
14:17:07 [paramiko.transport.sftp] [chan 0] Opened sftp connection (server version 3)
14:17:07 [autopublish.publisher] Uploaded posts.js to /fromtheabysmal.net/posts.js
14:17:07 [autopublish.publisher] Uploaded /fromtheabysmal.net/posts/2026-03-11-you-are-what-you-do-now-act-like-it.html
14:17:07 [autopublish.publisher] Uploaded /fromtheabysmal.net/posts/2026-03-04-hello-world.html
14:17:07 [autopublish.publisher] Uploaded /fromtheabysmal.net/posts/2026-04-20-trying-my-best-to-write-down-what-is-new-to-get-over-my-fear.html
14:17:07 [autopublish.publisher] Uploaded /fromtheabysmal.net/posts/2026-03-09-trying-my-best-to-write-down-what-is-new-to-get-over-my-fear.html
14:17:07 [autopublish.publisher] Uploaded /fromtheabysmal.net/posts/2026-04-15-great-millennial-startup-idea-of-the-century.html
14:17:07 [paramiko.transport.sftp] [chan 0] sftp session closed.
14:17:07 [autopublish.publisher] SFTP upload complete
14:17:39 [autopublish.notifier] Email sent to mutativedesign@gmail.com: "Trying my best to write down What Is New to get over my fear of" updated
14:17:39 [autopublish.publisher] Re-published 'Trying my best to write down What Is New to get over my fear of' as 2026-04-20-trying-my-best-to-write-down-what-is-new-to-get-over-my-fear with revision date 2026-04-20
15:17:40 [autopublish.publisher] Source changed for 'Trying my best to write down What Is New to get over my fear of' — re-publishing
15:17:40 [autopublish.publisher] Saved /Users/esther/Documents/from the abysmal (site)/posts/2026-04-20-trying-my-best-to-write-down-what-is-new-to-get-over-my-fear.html
15:17:40 [autopublish.publisher] Updated posts.js with 2026-04-20-trying-my-best-to-write-down-what-is-new-to-get-over-my-fear.html (5 total posts)
15:17:40 [paramiko.transport] Connected (version 2.0, client OpenSSH_8.4p1)
15:17:40 [paramiko.transport] Authentication (password) successful!
15:17:40 [paramiko.transport.sftp] [chan 0] Opened sftp connection (server version 3)
15:17:41 [autopublish.publisher] Uploaded posts.js to /fromtheabysmal.net/posts.js
15:17:41 [autopublish.publisher] Uploaded /fromtheabysmal.net/posts/2026-03-11-you-are-what-you-do-now-act-like-it.html
15:17:41 [autopublish.publisher] Uploaded /fromtheabysmal.net/posts/2026-03-04-hello-world.html
15:17:41 [autopublish.publisher] Uploaded /fromtheabysmal.net/posts/2026-04-20-trying-my-best-to-write-down-what-is-new-to-get-over-my-fear.html
15:17:41 [autopublish.publisher] Uploaded /fromtheabysmal.net/posts/2026-03-09-trying-my-best-to-write-down-what-is-new-to-get-over-my-fear.html
15:17:41 [autopublish.publisher] Uploaded /fromtheabysmal.net/posts/2026-04-15-great-millennial-startup-idea-of-the-century.html
15:17:41 [paramiko.transport.sftp] [chan 0] sftp session closed.
15:17:41 [autopublish.publisher] SFTP upload complete
15:18:12 [autopublish.notifier] Email sent to mutativedesign@gmail.com: "Trying my best to write down What Is New to get over my fear of" updated
15:18:13 [autopublish.publisher] Re-published 'Trying my best to write down What Is New to get over my fear of' as 2026-04-20-trying-my-best-to-write-down-what-is-new-to-get-over-my-fear with revision date 2026-04-20
15:48:13 [autopublish.publisher] Source changed for 'Trying my best to write down What Is New to get over my fear of' — re-publishing
15:48:13 [autopublish.publisher] Saved /Users/esther/Documents/from the abysmal (site)/posts/2026-04-20-trying-my-best-to-write-down-what-is-new-to-get-over-my-fear.html
15:48:13 [autopublish.publisher] Updated posts.js with 2026-04-20-trying-my-best-to-write-down-what-is-new-to-get-over-my-fear.html (5 total posts)
15:48:13 [paramiko.transport] Connected (version 2.0, client OpenSSH_8.4p1)
15:48:13 [paramiko.transport] Authentication (password) successful!
15:48:14 [paramiko.transport.sftp] [chan 0] Opened sftp connection (server version 3)
15:48:14 [autopublish.publisher] Uploaded posts.js to /fromtheabysmal.net/posts.js
15:48:14 [autopublish.publisher] Uploaded /fromtheabysmal.net/posts/2026-03-11-you-are-what-you-do-now-act-like-it.html
15:48:14 [autopublish.publisher] Uploaded /fromtheabysmal.net/posts/2026-03-04-hello-world.html
15:48:14 [autopublish.publisher] Uploaded /fromtheabysmal.net/posts/2026-04-20-trying-my-best-to-write-down-what-is-new-to-get-over-my-fear.html
15:48:14 [autopublish.publisher] Uploaded /fromtheabysmal.net/posts/2026-03-09-trying-my-best-to-write-down-what-is-new-to-get-over-my-fear.html
15:48:14 [autopublish.publisher] Uploaded /fromtheabysmal.net/posts/2026-04-15-great-millennial-startup-idea-of-the-century.html
15:48:14 [paramiko.transport.sftp] [chan 0] sftp session closed.
15:48:14 [autopublish.publisher] SFTP upload complete
15:48:16 [autopublish.notifier] Email sent to mutativedesign@gmail.com: "Trying my best to write down What Is New to get over my fear of" updated
15:48:16 [autopublish.publisher] Re-published 'Trying my best to write down What Is New to get over my fear of' as 2026-04-20-trying-my-best-to-write-down-what-is-new-to-get-over-my-fear with revision date 2026-04-20
16:18:16 [autopublish.publisher] Source changed for 'Trying my best to write down What Is New to get over my fear of' — re-publishing
16:18:16 [autopublish.publisher] Title changed: 'Trying my best to write down What Is New to get over my fear of' → 'Trying my best to write down What Is New to get over my fear of Publishing On Substack (2)'
16:18:16 [autopublish.publisher] Saved /Users/esther/Documents/from the abysmal (site)/posts/2026-04-20-trying-my-best-to-write-down-what-is-new-to-get-over-my-fear.html
16:18:16 [autopublish.publisher] Updated posts.js with 2026-04-20-trying-my-best-to-write-down-what-is-new-to-get-over-my-fear.html (5 total posts)
16:18:16 [paramiko.transport] Connected (version 2.0, client OpenSSH_8.4p1)
16:18:16 [paramiko.transport] Authentication (password) successful!
16:18:17 [paramiko.transport.sftp] [chan 0] Opened sftp connection (server version 3)
16:18:17 [autopublish.publisher] Uploaded posts.js to /fromtheabysmal.net/posts.js
16:18:17 [autopublish.publisher] Uploaded /fromtheabysmal.net/posts/2026-03-11-you-are-what-you-do-now-act-like-it.html
16:18:17 [autopublish.publisher] Uploaded /fromtheabysmal.net/posts/2026-03-04-hello-world.html
16:18:17 [autopublish.publisher] Uploaded /fromtheabysmal.net/posts/2026-04-20-trying-my-best-to-write-down-what-is-new-to-get-over-my-fear.html
16:18:17 [autopublish.publisher] Uploaded /fromtheabysmal.net/posts/2026-03-09-trying-my-best-to-write-down-what-is-new-to-get-over-my-fear.html
16:18:17 [autopublish.publisher] Uploaded /fromtheabysmal.net/posts/2026-04-15-great-millennial-startup-idea-of-the-century.html
16:18:17 [paramiko.transport.sftp] [chan 0] sftp session closed.
16:18:17 [autopublish.publisher] SFTP upload complete
16:18:19 [autopublish.notifier] Email sent to mutativedesign@gmail.com: "Trying my best to write down What Is New to get over my fear of Publishing On Substack (2)" updated
16:18:19 [autopublish.publisher] Re-published 'Trying my best to write down What Is New to get over my fear of Publishing On Substack (2)' as 2026-04-20-trying-my-best-to-write-down-what-is-new-to-get-over-my-fear with revision date 2026-04-20
13:05:11 [autopublish.publisher] Source changed for 'Trying my best to write down What Is New to get over my fear of Publishing On Substack (1)' — re-publishing
13:05:11 [autopublish.publisher] Title changed: 'Trying my best to write down What Is New to get over my fear of Publishing On Substack (1)' → 'Trying my best to write down What Is New to get over my fear of publishing on Substack (1)'
13:05:11 [autopublish.publisher] Saved /Users/esther/Documents/from the abysmal (site)/posts/2026-03-09-trying-my-best-to-write-down-what-is-new-to-get-over-my-fear.html
13:05:11 [autopublish.publisher] Rebuilt index.html and rss.xml
13:05:11 [autopublish.publisher] Saved /Users/esther/Documents/from the abysmal (site)/archive/2026-03.html
13:05:11 [paramiko.transport] Connected (version 2.0, client OpenSSH_8.4p1)
13:05:11 [paramiko.transport] Authentication (password) successful!
13:05:12 [paramiko.transport.sftp] [chan 0] Opened sftp connection (server version 3)
13:05:12 [autopublish.publisher] Uploaded /fromtheabysmal.net/posts/2026-03-09-trying-my-best-to-write-down-what-is-new-to-get-over-my-fear.html
13:05:12 [autopublish.publisher] Uploaded /fromtheabysmal.net/index.html
13:05:12 [autopublish.publisher] Uploaded /fromtheabysmal.net/rss.xml
13:05:12 [autopublish.publisher] Uploaded /fromtheabysmal.net/archive/2026-03.html
13:05:12 [paramiko.transport.sftp] [chan 0] sftp session closed.
13:05:12 [autopublish.publisher] SFTP upload complete (4 files)
13:05:13 [autopublish.notifier] Email sent to mutativedesign@gmail.com: "Trying my best to write down What Is New to get over my fear of publishing on Substack (1)" updated
13:05:13 [autopublish.publisher] Re-published 'Trying my best to write down What Is New to get over my fear of publishing on Substack (1)' as 2026-03-09-trying-my-best-to-write-down-what-is-new-to-get-over-my-fear with revision date 2026-04-21
13:05:13 [autopublish.publisher] Source changed for 'Trying my best to write down What Is New to get over my fear of Publishing On Substack (2)' — re-publishing
13:05:13 [autopublish.publisher] Title changed: 'Trying my best to write down What Is New to get over my fear of Publishing On Substack (2)' → 'Trying my best to write down What Is New to get over my fear of publishing on Substack (2)'
13:05:13 [autopublish.publisher] Saved /Users/esther/Documents/from the abysmal (site)/posts/2026-04-20-trying-my-best-to-write-down-what-is-new-to-get-over-my-fear.html
13:05:13 [autopublish.publisher] Rebuilt index.html and rss.xml
13:05:13 [autopublish.publisher] Saved /Users/esther/Documents/from the abysmal (site)/archive/2026-04.html
13:05:13 [paramiko.transport] Connected (version 2.0, client OpenSSH_8.4p1)
13:05:14 [paramiko.transport] Authentication (password) successful!
13:05:14 [paramiko.transport.sftp] [chan 0] Opened sftp connection (server version 3)
13:05:14 [autopublish.publisher] Uploaded /fromtheabysmal.net/posts/2026-04-20-trying-my-best-to-write-down-what-is-new-to-get-over-my-fear.html
13:05:14 [autopublish.publisher] Uploaded /fromtheabysmal.net/index.html
13:05:14 [autopublish.publisher] Uploaded /fromtheabysmal.net/rss.xml
13:05:15 [autopublish.publisher] Uploaded /fromtheabysmal.net/archive/2026-04.html
13:05:15 [paramiko.transport.sftp] [chan 0] sftp session closed.
13:05:15 [autopublish.publisher] SFTP upload complete (4 files)
13:05:16 [autopublish.notifier] Email sent to mutativedesign@gmail.com: "Trying my best to write down What Is New to get over my fear of publishing on Substack (2)" updated
13:05:16 [autopublish.publisher] Re-published 'Trying my best to write down What Is New to get over my fear of publishing on Substack (2)' as 2026-04-20-trying-my-best-to-write-down-what-is-new-to-get-over-my-fear with revision date 2026-04-21
16:35:19 [autopublish.publisher] Source changed for 'Trying my best to write down What Is New to get over my fear of publishing on Substack (2)' — re-publishing
16:35:19 [autopublish.publisher] Saved /Users/esther/Documents/from the abysmal (site)/posts/2026-04-20-trying-my-best-to-write-down-what-is-new-to-get-over-my-fear.html
16:35:19 [autopublish.publisher] Rebuilt index.html and rss.xml
16:35:19 [autopublish.publisher] Saved /Users/esther/Documents/from the abysmal (site)/archive/2026-04.html
16:35:19 [paramiko.transport] Connected (version 2.0, client OpenSSH_8.4p1)
16:35:19 [paramiko.transport] Authentication (password) successful!
16:35:20 [paramiko.transport.sftp] [chan 0] Opened sftp connection (server version 3)
16:35:20 [autopublish.publisher] Uploaded /fromtheabysmal.net/posts/2026-04-20-trying-my-best-to-write-down-what-is-new-to-get-over-my-fear.html
16:35:20 [autopublish.publisher] Uploaded /fromtheabysmal.net/index.html
16:35:20 [autopublish.publisher] Uploaded /fromtheabysmal.net/rss.xml
16:35:20 [autopublish.publisher] Uploaded /fromtheabysmal.net/archive/2026-04.html
16:35:20 [paramiko.transport.sftp] [chan 0] sftp session closed.
16:35:20 [autopublish.publisher] SFTP upload complete (4 files)
16:35:22 [autopublish.notifier] Email sent to mutativedesign@gmail.com: "Trying my best to write down What Is New to get over my fear of publishing on Substack (2)" updated
16:35:22 [autopublish.publisher] Re-published 'Trying my best to write down What Is New to get over my fear of publishing on Substack (2)' as 2026-04-20-trying-my-best-to-write-down-what-is-new-to-get-over-my-fear with revision date 2026-04-21
11:23:52 [autopublish.publisher] Source changed for 'Trying my best to write down What Is New to get over my fear of publishing on Substack (2)' — re-publishing
11:23:52 [autopublish.publisher] Saved /Users/esther/Documents/from the abysmal (site)/posts/2026-03-10-trying-my-best-to-write-down-what-is-new-to-get-over-my-fear.html
11:23:52 [autopublish.publisher] Removed old post file 2026-04-20-trying-my-best-to-write-down-what-is-new-to-get-over-my-fear.html
11:23:52 [autopublish.publisher] Rebuilt index.html and rss.xml
11:23:52 [autopublish.publisher] Saved /Users/esther/Documents/from the abysmal (site)/archive/2026-03.html
11:23:52 [autopublish.publisher] Saved /Users/esther/Documents/from the abysmal (site)/archive/2026-04.html
Traceback (most recent call last):
  File "/Library/Developer/CommandLineTools/Library/Frameworks/Python3.framework/Versions/3.9/lib/python3.9/runpy.py", line 197, in _run_module_as_main
    return _run_code(code, main_globals, None,
  File "/Library/Developer/CommandLineTools/Library/Frameworks/Python3.framework/Versions/3.9/lib/python3.9/runpy.py", line 87, in _run_code
    exec(code, run_globals)
  File "/Users/esther/Development/autopublish pipeline/autopublish/__main__.py", line 3, in <module>
    main()
  File "/Users/esther/Development/autopublish pipeline/autopublish/cli.py", line 166, in main
    commands[args.command](args)
  File "/Users/esther/Development/autopublish pipeline/autopublish/cli.py", line 101, in cmd_veto_check
    publisher.republish_if_changed(cfg, current_state)
  File "/Users/esther/Development/autopublish pipeline/autopublish/publisher.py", line 200, in republish_if_changed
    sftp_upload_files(cfg, site_path, [
  File "/Users/esther/Development/autopublish pipeline/autopublish/publisher.py", line 56, in sftp_upload_files
    transport = paramiko.Transport((host, port))
  File "/Users/esther/Development/autopublish pipeline/venv/lib/python3.9/site-packages/paramiko/transport.py", line 479, in __init__
    addrinfos = socket.getaddrinfo(
  File "/Library/Developer/CommandLineTools/Library/Frameworks/Python3.framework/Versions/3.9/lib/python3.9/socket.py", line 953, in getaddrinfo
    for res in _socket.getaddrinfo(host, port, family, type, proto, flags):
socket.gaierror: [Errno 8] nodename nor servname provided, or not known
11:54:19 [autopublish.publisher] Source changed for 'Trying my best to write down What Is New to get over my fear of publishing on Substack (2)' — re-publishing
11:54:19 [autopublish.publisher] Saved /Users/esther/Documents/from the abysmal (site)/posts/2026-03-10-trying-my-best-to-write-down-what-is-new-to-get-over-my-fear.html
11:54:19 [autopublish.publisher] Rebuilt index.html and rss.xml
11:54:19 [autopublish.publisher] Saved /Users/esther/Documents/from the abysmal (site)/archive/2026-03.html
11:54:19 [autopublish.publisher] Saved /Users/esther/Documents/from the abysmal (site)/archive/2026-04.html
11:54:19 [paramiko.transport] Connected (version 2.0, client OpenSSH_8.4p1)
11:54:19 [paramiko.transport] Authentication (password) successful!
11:54:19 [paramiko.transport.sftp] [chan 0] Opened sftp connection (server version 3)
11:54:20 [autopublish.publisher] Uploaded /fromtheabysmal.net/posts/2026-03-10-trying-my-best-to-write-down-what-is-new-to-get-over-my-fear.html
11:54:20 [autopublish.publisher] Uploaded /fromtheabysmal.net/index.html
11:54:20 [autopublish.publisher] Uploaded /fromtheabysmal.net/rss.xml
11:54:20 [autopublish.publisher] Uploaded /fromtheabysmal.net/archive/2026-03.html
11:54:20 [autopublish.publisher] Uploaded /fromtheabysmal.net/archive/2026-04.html
11:54:20 [paramiko.transport.sftp] [chan 0] sftp session closed.
11:54:20 [autopublish.publisher] SFTP upload complete (5 files)
11:54:22 [autopublish.notifier] Email sent to mutativedesign@gmail.com: "Trying my best to write down What Is New to get over my fear of publishing on Substack (2)" updated
11:54:22 [autopublish.publisher] Re-published 'Trying my best to write down What Is New to get over my fear of publishing on Substack (2)' as 2026-03-10-trying-my-best-to-write-down-what-is-new-to-get-over-my-fear with revision date 2026-04-22
16:26:54 [autopublish.veto] Veto deadline passed — publishing 'joan'
16:26:54 [autopublish.publisher] Saved /Users/esther/Documents/from the abysmal (site)/posts/2026-04-21-joan.html
16:26:54 [autopublish.publisher] Rebuilt index.html and rss.xml
16:26:54 [autopublish.publisher] Saved /Users/esther/Documents/from the abysmal (site)/archive/2026-04.html
16:26:54 [paramiko.transport] Connected (version 2.0, client OpenSSH_8.4p1)
16:26:54 [paramiko.transport] Authentication (password) successful!
16:26:55 [paramiko.transport.sftp] [chan 0] Opened sftp connection (server version 3)
16:26:55 [autopublish.publisher] Uploaded /fromtheabysmal.net/posts/2026-04-21-joan.html
16:26:55 [autopublish.publisher] Uploaded /fromtheabysmal.net/index.html
16:26:55 [autopublish.publisher] Uploaded /fromtheabysmal.net/rss.xml
16:26:55 [autopublish.publisher] Uploaded /fromtheabysmal.net/archive/2026-04.html
16:26:55 [paramiko.transport.sftp] [chan 0] sftp session closed.
16:26:55 [autopublish.publisher] SFTP upload complete (4 files)
16:26:56 [autopublish.notifier] Email sent to mutativedesign@gmail.com: "joan" is live
16:26:57 [autopublish.veto] Published: 2026-04-21-joan.html
10:12:36 [autopublish.publisher] Source changed for 'great millennial startup idea of the century' — re-publishing
10:12:36 [autopublish.publisher] Saved /Users/esther/Documents/from the abysmal (site)/posts/2026-04-15-great-millennial-startup-idea-of-the-century.html
10:12:36 [autopublish.publisher] Rebuilt index.html and rss.xml
10:12:36 [autopublish.publisher] Saved /Users/esther/Documents/from the abysmal (site)/archive/2026-04.html
10:12:36 [paramiko.transport] Connected (version 2.0, client OpenSSH_8.4p1)
10:12:36 [paramiko.transport] Authentication (password) successful!
10:12:37 [paramiko.transport.sftp] [chan 0] Opened sftp connection (server version 3)
10:12:37 [autopublish.publisher] Uploaded /fromtheabysmal.net/posts/2026-04-15-great-millennial-startup-idea-of-the-century.html
10:12:37 [autopublish.publisher] Uploaded /fromtheabysmal.net/index.html
10:12:37 [autopublish.publisher] Uploaded /fromtheabysmal.net/rss.xml
10:12:37 [autopublish.publisher] Uploaded /fromtheabysmal.net/archive/2026-04.html
10:12:37 [paramiko.transport.sftp] [chan 0] sftp session closed.
10:12:37 [autopublish.publisher] SFTP upload complete (4 files)
10:13:09 [autopublish.notifier] Email sent to mutativedesign@gmail.com: "great millennial startup idea of the century" updated
10:13:09 [autopublish.publisher] Re-published 'great millennial startup idea of the century' as 2026-04-15-great-millennial-startup-idea-of-the-century with revision date 2026-04-23
15:13:59 [autopublish.publisher] Source changed for 'joan' — re-publishing
15:13:59 [autopublish.publisher] Title changed: 'joan' → 'Joan'
15:13:59 [autopublish.publisher] Saved /Users/esther/Documents/from the abysmal (site)/posts/2026-04-21-joan.html
15:13:59 [autopublish.publisher] Rebuilt index.html and rss.xml
15:13:59 [autopublish.publisher] Saved /Users/esther/Documents/from the abysmal (site)/archive/2026-04.html
15:14:00 [paramiko.transport] Connected (version 2.0, client OpenSSH_8.4p1)
15:14:00 [paramiko.transport] Authentication (password) successful!
15:14:00 [paramiko.transport.sftp] [chan 0] Opened sftp connection (server version 3)
15:14:00 [autopublish.publisher] Uploaded /fromtheabysmal.net/posts/2026-04-21-joan.html
15:14:01 [autopublish.publisher] Uploaded /fromtheabysmal.net/index.html
15:14:01 [autopublish.publisher] Uploaded /fromtheabysmal.net/rss.xml
15:14:01 [autopublish.publisher] Uploaded /fromtheabysmal.net/archive/2026-04.html
15:14:01 [paramiko.transport.sftp] [chan 0] sftp session closed.
15:14:01 [autopublish.publisher] SFTP upload complete (4 files)
15:14:32 [autopublish.notifier] Email sent to mutativedesign@gmail.com: "Joan" updated
15:14:32 [autopublish.publisher] Re-published 'Joan' as 2026-04-21-joan with revision date 2026-04-23
17:41:26 [autopublish.veto] Veto deadline passed — publishing 'Resistance Thoughts'
17:41:26 [autopublish.publisher] Saved /Users/esther/Documents/from the abysmal (site)/posts/2026-02-06-resistance-thoughts.html
17:41:26 [autopublish.publisher] Rebuilt index.html and rss.xml
17:41:26 [autopublish.publisher] Saved /Users/esther/Documents/from the abysmal (site)/archive/2026-02.html
17:41:26 [paramiko.transport] Connected (version 2.0, client OpenSSH_8.4p1)
17:41:27 [paramiko.transport] Authentication (password) successful!
17:41:27 [paramiko.transport.sftp] [chan 0] Opened sftp connection (server version 3)
17:41:27 [autopublish.publisher] Uploaded /fromtheabysmal.net/posts/2026-02-06-resistance-thoughts.html
17:41:27 [autopublish.publisher] Uploaded /fromtheabysmal.net/index.html
17:41:27 [autopublish.publisher] Uploaded /fromtheabysmal.net/rss.xml
17:41:27 [autopublish.publisher] Uploaded /fromtheabysmal.net/archive/2026-02.html
17:41:27 [paramiko.transport.sftp] [chan 0] sftp session closed.
17:41:27 [autopublish.publisher] SFTP upload complete (4 files)
17:41:29 [autopublish.notifier] Email sent to mutativedesign@gmail.com: "Resistance Thoughts" is live
17:41:29 [autopublish.veto] Published: 2026-02-06-resistance-thoughts.html
09:29:24 [autopublish.publisher] Source changed for 'Joan' — re-publishing
09:29:24 [autopublish.publisher] Saved /Users/esther/Documents/from the abysmal (site)/posts/2026-04-21-joan.html
09:29:24 [autopublish.publisher] Rebuilt index.html and rss.xml
09:29:24 [autopublish.publisher] Saved /Users/esther/Documents/from the abysmal (site)/archive/2026-04.html
09:29:25 [paramiko.transport] Connected (version 2.0, client OpenSSH_8.4p1)
09:29:25 [paramiko.transport] Authentication (password) successful!
09:29:26 [paramiko.transport.sftp] [chan 0] Opened sftp connection (server version 3)
09:29:26 [autopublish.publisher] Uploaded /fromtheabysmal.net/posts/2026-04-21-joan.html
09:29:27 [autopublish.publisher] Uploaded /fromtheabysmal.net/index.html
09:29:27 [autopublish.publisher] Uploaded /fromtheabysmal.net/rss.xml
09:29:27 [autopublish.publisher] Uploaded /fromtheabysmal.net/archive/2026-04.html
09:29:27 [paramiko.transport.sftp] [chan 0] sftp session closed.
09:29:27 [autopublish.publisher] SFTP upload complete (4 files)
09:29:29 [autopublish.notifier] Email sent to mutativedesign@gmail.com: "Joan" updated
09:29:30 [autopublish.publisher] Re-published 'Joan' as 2026-04-21-joan with revision date 2026-04-27
10:15:24 [autopublish.publisher] Source changed for 'Joan' — re-publishing
10:15:24 [autopublish.publisher] Saved /Users/esther/Documents/from the abysmal (site)/posts/2026-04-21-joan.html
10:15:24 [autopublish.publisher] Rebuilt index.html and rss.xml
10:15:24 [autopublish.publisher] Saved /Users/esther/Documents/from the abysmal (site)/archive/2026-04.html
10:15:24 [paramiko.transport] Connected (version 2.0, client OpenSSH_8.4p1)
10:15:25 [paramiko.transport] Authentication (password) successful!
10:15:25 [paramiko.transport.sftp] [chan 0] Opened sftp connection (server version 3)
10:15:25 [autopublish.publisher] Uploaded /fromtheabysmal.net/posts/2026-04-21-joan.html
10:15:25 [autopublish.publisher] Uploaded /fromtheabysmal.net/index.html
10:15:25 [autopublish.publisher] Uploaded /fromtheabysmal.net/rss.xml
10:15:26 [autopublish.publisher] Uploaded /fromtheabysmal.net/archive/2026-04.html
10:15:26 [paramiko.transport.sftp] [chan 0] sftp session closed.
10:15:26 [autopublish.publisher] SFTP upload complete (4 files)
10:15:27 [autopublish.notifier] Email sent to mutativedesign@gmail.com: "Joan" updated
10:15:27 [autopublish.publisher] Re-published 'Joan' as 2026-04-21-joan with revision date 2026-04-27
11:37:22 [autopublish.publisher] Source changed for 'Joan' — re-publishing
11:37:22 [autopublish.publisher] Saved /Users/esther/Documents/from the abysmal (site)/posts/2026-04-21-joan.html
11:37:23 [autopublish.publisher] Rebuilt index.html and rss.xml
11:37:23 [autopublish.publisher] Saved /Users/esther/Documents/from the abysmal (site)/archive/2026-04.html
11:37:23 [paramiko.transport] Connected (version 2.0, client OpenSSH_8.4p1)
11:37:23 [paramiko.transport] Authentication (password) successful!
11:37:23 [paramiko.transport.sftp] [chan 0] Opened sftp connection (server version 3)
11:37:24 [autopublish.publisher] Uploaded /fromtheabysmal.net/posts/2026-04-21-joan.html
11:37:24 [autopublish.publisher] Uploaded /fromtheabysmal.net/index.html
11:37:24 [autopublish.publisher] Uploaded /fromtheabysmal.net/rss.xml
11:37:24 [autopublish.publisher] Uploaded /fromtheabysmal.net/archive/2026-04.html
11:37:24 [paramiko.transport.sftp] [chan 0] sftp session closed.
11:37:24 [autopublish.publisher] SFTP upload complete (4 files)
11:37:25 [autopublish.notifier] Email sent to mutativedesign@gmail.com: "Joan" updated
11:37:25 [autopublish.publisher] Re-published 'Joan' as 2026-04-21-joan with revision date 2026-04-27
12:07:27 [autopublish.publisher] Source changed for 'Resistance Thoughts' — re-publishing
12:07:27 [autopublish.publisher] Saved /Users/esther/Documents/from the abysmal (site)/posts/2026-02-06-resistance-thoughts.html
12:07:27 [autopublish.publisher] Rebuilt index.html and rss.xml
12:07:27 [autopublish.publisher] Saved /Users/esther/Documents/from the abysmal (site)/archive/2026-02.html
12:07:27 [paramiko.transport] Connected (version 2.0, client OpenSSH_8.4p1)
12:07:27 [paramiko.transport] Authentication (password) successful!
12:07:28 [paramiko.transport.sftp] [chan 0] Opened sftp connection (server version 3)
12:07:28 [autopublish.publisher] Uploaded /fromtheabysmal.net/posts/2026-02-06-resistance-thoughts.html
12:07:28 [autopublish.publisher] Uploaded /fromtheabysmal.net/index.html
12:07:28 [autopublish.publisher] Uploaded /fromtheabysmal.net/rss.xml
12:07:28 [autopublish.publisher] Uploaded /fromtheabysmal.net/archive/2026-02.html
12:07:28 [paramiko.transport.sftp] [chan 0] sftp session closed.
12:07:28 [autopublish.publisher] SFTP upload complete (4 files)
12:07:29 [autopublish.notifier] Email sent to mutativedesign@gmail.com: "Resistance Thoughts" updated
12:07:29 [autopublish.publisher] Re-published 'Resistance Thoughts' as 2026-02-06-resistance-thoughts with revision date 2026-04-27
13:37:04 [autopublish.publisher] Source changed for 'Joan' — re-publishing
13:37:04 [autopublish.publisher] Saved /Users/esther/Documents/from the abysmal (site)/posts/2026-04-21-joan.html
13:37:04 [autopublish.publisher] Rebuilt index.html and rss.xml
13:37:04 [autopublish.publisher] Saved /Users/esther/Documents/from the abysmal (site)/archive/2026-04.html
13:37:04 [paramiko.transport] Connected (version 2.0, client OpenSSH_8.4p1)
13:37:04 [paramiko.transport] Authentication (password) successful!
13:37:05 [paramiko.transport.sftp] [chan 0] Opened sftp connection (server version 3)
13:37:05 [autopublish.publisher] Uploaded /fromtheabysmal.net/posts/2026-04-21-joan.html
13:37:05 [autopublish.publisher] Uploaded /fromtheabysmal.net/index.html
13:37:05 [autopublish.publisher] Uploaded /fromtheabysmal.net/rss.xml
13:37:05 [autopublish.publisher] Uploaded /fromtheabysmal.net/archive/2026-04.html
13:37:05 [paramiko.transport.sftp] [chan 0] sftp session closed.
13:37:05 [autopublish.publisher] SFTP upload complete (4 files)
13:37:06 [autopublish.notifier] Email sent to mutativedesign@gmail.com: "Joan" updated
13:37:07 [autopublish.publisher] Re-published 'Joan' as 2026-04-21-joan with revision date 2026-04-27
16:50:37 [autopublish.veto] Veto deadline passed — publishing 'Literaryily'
16:50:37 [autopublish.veto] Source edited during veto window — publishing latest file version
16:50:37 [autopublish.veto] Title changed in source: 'Literaryily' → 'Literaryilly'
16:50:37 [autopublish.publisher] Saved /Users/esther/Documents/from the abysmal (site)/posts/2026-04-27-literaryilly.html
16:50:37 [autopublish.publisher] Rebuilt index.html and rss.xml
16:50:37 [autopublish.publisher] Saved /Users/esther/Documents/from the abysmal (site)/archive/2026-04.html
16:50:37 [paramiko.transport] Connected (version 2.0, client OpenSSH_8.4p1)
16:50:37 [paramiko.transport] Authentication (password) successful!
16:50:37 [paramiko.transport.sftp] [chan 0] Opened sftp connection (server version 3)
16:50:38 [autopublish.publisher] Uploaded /fromtheabysmal.net/posts/2026-04-27-literaryilly.html
16:50:38 [autopublish.publisher] Uploaded /fromtheabysmal.net/index.html
16:50:38 [autopublish.publisher] Uploaded /fromtheabysmal.net/rss.xml
16:50:38 [autopublish.publisher] Uploaded /fromtheabysmal.net/archive/2026-04.html
16:50:38 [paramiko.transport.sftp] [chan 0] sftp session closed.
16:50:38 [autopublish.publisher] SFTP upload complete (4 files)
16:50:39 [autopublish.notifier] Email sent to mutativedesign@gmail.com: "Literaryilly" is live
16:50:39 [autopublish.veto] Published: 2026-04-27-literaryilly.html
17:20:40 [autopublish.publisher] Source changed for 'Literaryilly' — re-publishing
17:20:40 [autopublish.publisher] Title changed: 'Literaryilly' → 'Literaryily'
17:20:40 [autopublish.publisher] Saved /Users/esther/Documents/from the abysmal (site)/posts/2026-04-27-literaryilly.html
17:20:40 [autopublish.publisher] Rebuilt index.html and rss.xml
17:20:40 [autopublish.publisher] Saved /Users/esther/Documents/from the abysmal (site)/archive/2026-04.html
17:20:40 [paramiko.transport] Connected (version 2.0, client OpenSSH_8.4p1)
17:20:40 [paramiko.transport] Authentication (password) successful!
17:20:41 [paramiko.transport.sftp] [chan 0] Opened sftp connection (server version 3)
17:20:41 [autopublish.publisher] Uploaded /fromtheabysmal.net/posts/2026-04-27-literaryilly.html
17:20:41 [autopublish.publisher] Uploaded /fromtheabysmal.net/index.html
17:20:41 [autopublish.publisher] Uploaded /fromtheabysmal.net/rss.xml
17:20:41 [autopublish.publisher] Uploaded /fromtheabysmal.net/archive/2026-04.html
17:20:41 [paramiko.transport.sftp] [chan 0] sftp session closed.
17:20:41 [autopublish.publisher] SFTP upload complete (4 files)
17:20:42 [autopublish.notifier] Email sent to mutativedesign@gmail.com: "Literaryily" updated
17:20:43 [autopublish.publisher] Re-published 'Literaryily' as 2026-04-27-literaryilly with revision date 2026-04-27
17:50:43 [autopublish.publisher] Source changed for 'Literaryily' — re-publishing
17:50:43 [autopublish.publisher] Title changed: 'Literaryily' → 'Litterary'
17:50:43 [autopublish.publisher] Saved /Users/esther/Documents/from the abysmal (site)/posts/2026-04-27-literaryilly.html
17:50:43 [autopublish.publisher] Rebuilt index.html and rss.xml
17:50:43 [autopublish.publisher] Saved /Users/esther/Documents/from the abysmal (site)/archive/2026-04.html
17:50:46 [paramiko.transport] Connected (version 2.0, client OpenSSH_8.4p1)
17:50:46 [paramiko.transport] Authentication (password) successful!
17:50:47 [paramiko.transport.sftp] [chan 0] Opened sftp connection (server version 3)
17:50:47 [autopublish.publisher] Uploaded /fromtheabysmal.net/posts/2026-04-27-literaryilly.html
17:50:47 [autopublish.publisher] Uploaded /fromtheabysmal.net/index.html
17:50:47 [autopublish.publisher] Uploaded /fromtheabysmal.net/rss.xml
17:50:47 [autopublish.publisher] Uploaded /fromtheabysmal.net/archive/2026-04.html
17:50:47 [paramiko.transport.sftp] [chan 0] sftp session closed.
17:50:47 [autopublish.publisher] SFTP upload complete (4 files)
17:51:19 [autopublish.notifier] Email sent to mutativedesign@gmail.com: "Litterary" updated
17:51:19 [autopublish.publisher] Re-published 'Litterary' as 2026-04-27-literaryilly with revision date 2026-04-27
18:21:19 [autopublish.publisher] Source changed for 'Litterary' — re-publishing
18:21:19 [autopublish.publisher] Title changed: 'Litterary' → 'I want to be literarily significant'
18:21:19 [autopublish.publisher] Saved /Users/esther/Documents/from the abysmal (site)/posts/2026-04-27-literaryilly.html
18:21:19 [autopublish.publisher] Rebuilt index.html and rss.xml
18:21:19 [autopublish.publisher] Saved /Users/esther/Documents/from the abysmal (site)/archive/2026-04.html
18:21:19 [paramiko.transport] Connected (version 2.0, client OpenSSH_8.4p1)
18:21:19 [paramiko.transport] Authentication (password) successful!
18:21:20 [paramiko.transport.sftp] [chan 0] Opened sftp connection (server version 3)
18:21:20 [autopublish.publisher] Uploaded /fromtheabysmal.net/posts/2026-04-27-literaryilly.html
18:21:20 [autopublish.publisher] Uploaded /fromtheabysmal.net/index.html
18:21:20 [autopublish.publisher] Uploaded /fromtheabysmal.net/rss.xml
18:21:20 [autopublish.publisher] Uploaded /fromtheabysmal.net/archive/2026-04.html
18:21:20 [paramiko.transport.sftp] [chan 0] sftp session closed.
18:21:20 [autopublish.publisher] SFTP upload complete (4 files)
18:21:52 [autopublish.notifier] Email sent to mutativedesign@gmail.com: "I want to be literarily significant" updated
18:21:52 [autopublish.publisher] Re-published 'I want to be literarily significant' as 2026-04-27-literaryilly with revision date 2026-04-27
12:50:24 [autopublish.veto] Reply received — treating as veto: 'veto

On Wed, 29 Apr 2026 at 12:33, autopublish
<fromtheabysmalautopublish@gmail'
12:50:24 [autopublish.veto] VETO received for 'that time of year' — delayed to tomorrow
12:50:25 [autopublish.notifier] Email sent to thehereticalinvestigator@gmail.com: Esther vetoed "that time of year" (#1)
18:50:37 [autopublish.veto] Veto deadline passed — publishing 'that time of year'
18:50:37 [autopublish.veto] Source edited during veto window — publishing latest file version
18:50:37 [autopublish.veto] Title changed in source: 'that time of year' → 'that time of year (backup)'
18:50:37 [autopublish.publisher] Saved /Users/esther/Documents/from the abysmal (site)/posts/2026-04-20-that-time-of-year-backup.html
18:50:37 [autopublish.publisher] Rebuilt index.html and rss.xml
18:50:37 [autopublish.publisher] Saved /Users/esther/Documents/from the abysmal (site)/archive/2026-04.html
18:50:37 [paramiko.transport] Connected (version 2.0, client OpenSSH_8.4p1)
18:50:37 [paramiko.transport] Authentication (password) successful!
18:50:38 [paramiko.transport.sftp] [chan 0] Opened sftp connection (server version 3)
18:50:38 [autopublish.publisher] Uploaded /fromtheabysmal.net/posts/2026-04-20-that-time-of-year-backup.html
18:50:38 [autopublish.publisher] Uploaded /fromtheabysmal.net/index.html
18:50:38 [autopublish.publisher] Uploaded /fromtheabysmal.net/rss.xml
18:50:38 [autopublish.publisher] Uploaded /fromtheabysmal.net/archive/2026-04.html
18:50:38 [paramiko.transport.sftp] [chan 0] sftp session closed.
18:50:38 [autopublish.publisher] SFTP upload complete (4 files)
18:51:09 [autopublish.notifier] Email sent to mutativedesign@gmail.com: "that time of year (backup)" is live
18:51:10 [autopublish.veto] Published: 2026-04-20-that-time-of-year-backup.html
19:51:11 [autopublish.publisher] Source changed for 'that time of year (backup)' — re-publishing
19:51:11 [autopublish.publisher] Title changed: 'that time of year (backup)' → 'that time of year'
19:51:11 [autopublish.publisher] Saved /Users/esther/Documents/from the abysmal (site)/posts/2026-04-20-that-time-of-year-backup.html
19:51:11 [autopublish.publisher] Rebuilt index.html and rss.xml
19:51:11 [autopublish.publisher] Saved /Users/esther/Documents/from the abysmal (site)/archive/2026-04.html
19:51:11 [paramiko.transport] Connected (version 2.0, client OpenSSH_8.4p1)
19:51:11 [paramiko.transport] Authentication (password) successful!
19:51:11 [paramiko.transport.sftp] [chan 0] Opened sftp connection (server version 3)
19:51:12 [autopublish.publisher] Uploaded /fromtheabysmal.net/posts/2026-04-20-that-time-of-year-backup.html
19:51:12 [autopublish.publisher] Uploaded /fromtheabysmal.net/index.html
19:51:12 [autopublish.publisher] Uploaded /fromtheabysmal.net/rss.xml
19:51:12 [autopublish.publisher] Uploaded /fromtheabysmal.net/archive/2026-04.html
19:51:12 [paramiko.transport.sftp] [chan 0] sftp session closed.
19:51:12 [autopublish.publisher] SFTP upload complete (4 files)
19:51:43 [autopublish.notifier] Email sent to mutativedesign@gmail.com: "that time of year" updated
19:51:43 [autopublish.publisher] Re-published 'that time of year' as 2026-04-20-that-time-of-year-backup with revision date 2026-04-29
09:44:31 [autopublish.publisher] Source changed for 'that time of year' — re-publishing
09:44:31 [autopublish.publisher] Saved /Users/esther/Documents/from the abysmal (site)/posts/2026-04-29-that-time-of-year.html
09:44:31 [autopublish.publisher] Rebuilt index.html and rss.xml
09:44:31 [autopublish.publisher] Saved /Users/esther/Documents/from the abysmal (site)/archive/2026-04.html
Traceback (most recent call last):
  File "/Library/Developer/CommandLineTools/Library/Frameworks/Python3.framework/Versions/3.9/lib/python3.9/runpy.py", line 197, in _run_module_as_main
    return _run_code(code, main_globals, None,
  File "/Library/Developer/CommandLineTools/Library/Frameworks/Python3.framework/Versions/3.9/lib/python3.9/runpy.py", line 87, in _run_code
    exec(code, run_globals)
  File "/Users/esther/Development/autopublish pipeline/autopublish/__main__.py", line 3, in <module>
    main()
  File "/Users/esther/Development/autopublish pipeline/autopublish/cli.py", line 172, in main
    commands[args.command](args)
  File "/Users/esther/Development/autopublish pipeline/autopublish/cli.py", line 107, in cmd_veto_check
    publisher.republish_if_changed(cfg, current_state)
  File "/Users/esther/Development/autopublish pipeline/autopublish/publisher.py", line 213, in republish_if_changed
    sftp_upload_files(cfg, site_path, [
  File "/Users/esther/Development/autopublish pipeline/autopublish/publisher.py", line 65, in sftp_upload_files
    transport = paramiko.Transport((host, port))
  File "/Users/esther/Development/autopublish pipeline/venv/lib/python3.9/site-packages/paramiko/transport.py", line 479, in __init__
    addrinfos = socket.getaddrinfo(
  File "/Library/Developer/CommandLineTools/Library/Frameworks/Python3.framework/Versions/3.9/lib/python3.9/socket.py", line 953, in getaddrinfo
    for res in _socket.getaddrinfo(host, port, family, type, proto, flags):
socket.gaierror: [Errno 8] nodename nor servname provided, or not known
12:44:04 [autopublish.publisher] Source changed for 'Joan' — re-publishing
12:44:04 [autopublish.publisher] Saved /Users/esther/Documents/from the abysmal (site)/posts/2026-04-21-joan.html
12:44:04 [autopublish.publisher] Rebuilt index.html and rss.xml
12:44:04 [autopublish.publisher] Saved /Users/esther/Documents/from the abysmal (site)/archive/2026-04.html
12:44:04 [paramiko.transport] Connected (version 2.0, client OpenSSH_8.4p1)
12:44:04 [paramiko.transport] Authentication (password) successful!
12:44:05 [paramiko.transport.sftp] [chan 0] Opened sftp connection (server version 3)
12:44:05 [autopublish.publisher] Uploaded /fromtheabysmal.net/posts/2026-04-21-joan.html
12:44:06 [autopublish.publisher] Uploaded /fromtheabysmal.net/index.html
12:44:06 [autopublish.publisher] Uploaded /fromtheabysmal.net/rss.xml
12:44:07 [autopublish.publisher] Uploaded /fromtheabysmal.net/archive/2026-04.html
12:44:07 [paramiko.transport.sftp] [chan 0] sftp session closed.
12:44:07 [autopublish.publisher] SFTP upload complete (4 files)
12:44:09 [autopublish.notifier] Email sent to mutativedesign@gmail.com: "Joan" updated
12:44:09 [autopublish.publisher] Re-published 'Joan' as 2026-04-21-joan with revision date 2026-04-30
12:44:09 [autopublish.publisher] Source changed for 'that time of year' — re-publishing
12:44:09 [autopublish.publisher] Saved /Users/esther/Documents/from the abysmal (site)/posts/2026-04-29-that-time-of-year.html
12:44:09 [autopublish.publisher] Rebuilt index.html and rss.xml
12:44:09 [autopublish.publisher] Saved /Users/esther/Documents/from the abysmal (site)/archive/2026-04.html
12:44:09 [paramiko.transport] Connected (version 2.0, client OpenSSH_8.4p1)
12:44:09 [paramiko.transport] Authentication (password) successful!
12:44:10 [paramiko.transport.sftp] [chan 0] Opened sftp connection (server version 3)
12:44:10 [autopublish.publisher] Uploaded /fromtheabysmal.net/posts/2026-04-29-that-time-of-year.html
12:44:10 [autopublish.publisher] Uploaded /fromtheabysmal.net/index.html
12:44:10 [autopublish.publisher] Uploaded /fromtheabysmal.net/rss.xml
12:44:10 [autopublish.publisher] Uploaded /fromtheabysmal.net/archive/2026-04.html
12:44:10 [paramiko.transport.sftp] [chan 0] sftp session closed.
12:44:10 [autopublish.publisher] SFTP upload complete (4 files)
12:44:11 [autopublish.notifier] Email sent to mutativedesign@gmail.com: "that time of year" updated
12:44:11 [autopublish.publisher] Re-published 'that time of year' as 2026-04-29-that-time-of-year with revision date 2026-04-30
15:00:08 [autopublish.publisher] Source changed for 'that time of year' — re-publishing
15:00:08 [autopublish.publisher] Title changed: 'that time of year' → 'That Time Of Year'
15:00:08 [autopublish.publisher] Saved /Users/esther/Documents/from the abysmal (site)/posts/2026-04-29-that-time-of-year.html
15:00:08 [autopublish.publisher] Rebuilt index.html and rss.xml
15:00:08 [autopublish.publisher] Saved /Users/esther/Documents/from the abysmal (site)/archive/2026-04.html
15:00:08 [paramiko.transport] Connected (version 2.0, client OpenSSH_8.4p1)
15:00:08 [paramiko.transport] Authentication (password) successful!
15:00:09 [paramiko.transport.sftp] [chan 0] Opened sftp connection (server version 3)
15:00:09 [autopublish.publisher] Uploaded /fromtheabysmal.net/posts/2026-04-29-that-time-of-year.html
15:00:09 [autopublish.publisher] Uploaded /fromtheabysmal.net/index.html
15:00:09 [autopublish.publisher] Uploaded /fromtheabysmal.net/rss.xml
15:00:09 [autopublish.publisher] Uploaded /fromtheabysmal.net/archive/2026-04.html
15:00:09 [paramiko.transport.sftp] [chan 0] sftp session closed.
15:00:09 [autopublish.publisher] SFTP upload complete (4 files)
15:00:11 [autopublish.notifier] Email sent to mutativedesign@gmail.com: "That Time Of Year" updated
15:00:11 [autopublish.publisher] Re-published 'That Time Of Year' as 2026-04-29-that-time-of-year with revision date 2026-04-30
17:58:10 [autopublish.publisher] Source changed for 'Joan' — re-publishing
17:58:10 [autopublish.publisher] Saved /Users/esther/Documents/from the abysmal (site)/posts/2026-04-21-joan.html
17:58:10 [autopublish.publisher] Rebuilt index.html and rss.xml
17:58:10 [autopublish.publisher] Saved /Users/esther/Documents/from the abysmal (site)/archive/2026-04.html
17:58:10 [paramiko.transport] Connected (version 2.0, client OpenSSH_8.4p1)
17:58:10 [paramiko.transport] Authentication (password) successful!
17:58:11 [paramiko.transport.sftp] [chan 0] Opened sftp connection (server version 3)
17:58:11 [autopublish.publisher] Uploaded /fromtheabysmal.net/posts/2026-04-21-joan.html
17:58:11 [autopublish.publisher] Uploaded /fromtheabysmal.net/index.html
17:58:11 [autopublish.publisher] Uploaded /fromtheabysmal.net/rss.xml
17:58:11 [autopublish.publisher] Uploaded /fromtheabysmal.net/archive/2026-04.html
17:58:11 [paramiko.transport.sftp] [chan 0] sftp session closed.
17:58:11 [autopublish.publisher] SFTP upload complete (4 files)
17:58:13 [autopublish.notifier] Email sent to mutativedesign@gmail.com: "Joan" updated
17:58:13 [autopublish.publisher] Re-published 'Joan' as 2026-04-21-joan with revision date 2026-04-30
00:25:17 [autopublish.veto] Veto deadline passed — publishing 'some observations'
00:25:17 [autopublish.publisher] Saved /Users/esther/Documents/from the abysmal (site)/posts/2026-01-26-some-observations.html
00:25:17 [autopublish.publisher] Rebuilt index.html and rss.xml
00:25:17 [autopublish.publisher] Saved /Users/esther/Documents/from the abysmal (site)/archive/2026-01.html
00:25:17 [paramiko.transport] Connected (version 2.0, client OpenSSH_8.4p1)
00:25:18 [paramiko.transport] Authentication (password) successful!
00:25:18 [paramiko.transport.sftp] [chan 0] Opened sftp connection (server version 3)
00:25:18 [autopublish.publisher] Uploaded /fromtheabysmal.net/posts/2026-01-26-some-observations.html
00:25:18 [autopublish.publisher] Uploaded /fromtheabysmal.net/index.html
00:25:18 [autopublish.publisher] Uploaded /fromtheabysmal.net/rss.xml
00:25:18 [autopublish.publisher] Uploaded /fromtheabysmal.net/archive/2026-01.html
00:25:18 [paramiko.transport.sftp] [chan 0] sftp session closed.
00:25:18 [autopublish.publisher] SFTP upload complete (4 files)
00:25:50 [autopublish.notifier] Email sent to mutativedesign@gmail.com: "some observations" is live
00:25:50 [autopublish.veto] Published: 2026-01-26-some-observations.html
16:38:12 [autopublish.publisher] Source changed for 'Joan' — re-publishing
16:38:12 [autopublish.publisher] Saved /Users/esther/Documents/from the abysmal (site)/posts/2026-04-21-joan.html
16:38:12 [autopublish.publisher] Rebuilt index.html and rss.xml
16:38:12 [autopublish.publisher] Saved /Users/esther/Documents/from the abysmal (site)/archive/2026-04.html
16:38:12 [paramiko.transport] Connected (version 2.0, client OpenSSH_8.4p1)
16:38:12 [paramiko.transport] Authentication (password) successful!
16:38:13 [paramiko.transport.sftp] [chan 0] Opened sftp connection (server version 3)
16:38:13 [autopublish.publisher] Uploaded /fromtheabysmal.net/posts/2026-04-21-joan.html
16:38:13 [autopublish.publisher] Uploaded /fromtheabysmal.net/index.html
16:38:13 [autopublish.publisher] Uploaded /fromtheabysmal.net/rss.xml
16:38:13 [autopublish.publisher] Uploaded /fromtheabysmal.net/archive/2026-04.html
16:38:13 [paramiko.transport.sftp] [chan 0] sftp session closed.
16:38:13 [autopublish.publisher] SFTP upload complete (4 files)
16:38:14 [autopublish.notifier] Email sent to mutativedesign@gmail.com: "Joan" updated
16:38:15 [autopublish.publisher] Re-published 'Joan' as 2026-04-21-joan with revision date 2026-05-02
16:38:15 [autopublish.publisher] Source changed for 'some observations' — re-publishing
16:38:15 [autopublish.publisher] Title changed: 'some observations' → 'Some Observations (On Writing About Writing)'
16:38:15 [autopublish.publisher] Saved /Users/esther/Documents/from the abysmal (site)/posts/2026-05-01-some-observations.html
16:38:15 [autopublish.publisher] Removed old post file 2026-01-26-some-observations.html
16:38:15 [autopublish.publisher] Rebuilt index.html and rss.xml
16:38:15 [autopublish.publisher] Saved /Users/esther/Documents/from the abysmal (site)/archive/2026-01.html
16:38:15 [autopublish.publisher] Saved /Users/esther/Documents/from the abysmal (site)/archive/2026-05.html
16:38:15 [paramiko.transport] Connected (version 2.0, client OpenSSH_8.4p1)
16:38:15 [paramiko.transport] Authentication (password) successful!
16:38:15 [paramiko.transport.sftp] [chan 0] Opened sftp connection (server version 3)
16:38:16 [autopublish.publisher] Uploaded /fromtheabysmal.net/posts/2026-05-01-some-observations.html
16:38:16 [autopublish.publisher] Uploaded /fromtheabysmal.net/index.html
16:38:16 [autopublish.publisher] Uploaded /fromtheabysmal.net/rss.xml
16:38:16 [autopublish.publisher] Uploaded /fromtheabysmal.net/archive/2026-01.html
16:38:16 [autopublish.publisher] Uploaded /fromtheabysmal.net/archive/2026-05.html
16:38:16 [paramiko.transport.sftp] [chan 0] sftp session closed.
16:38:16 [autopublish.publisher] SFTP upload complete (5 files)
16:38:17 [autopublish.notifier] Email sent to mutativedesign@gmail.com: "Some Observations (On Writing About Writing)" updated
16:38:17 [autopublish.publisher] Re-published 'Some Observations (On Writing About Writing)' as 2026-05-01-some-observations with revision date 2026-05-02
16:51:10 [autopublish.veto] Veto deadline passed — publishing 'What You Are Not'
16:51:10 [autopublish.veto] Source edited during veto window — publishing latest file version
16:51:10 [autopublish.publisher] Saved /Users/esther/Documents/from the abysmal (site)/posts/2026-01-29-what-you-are-not.html
16:51:10 [autopublish.publisher] Rebuilt index.html and rss.xml
16:51:10 [autopublish.publisher] Saved /Users/esther/Documents/from the abysmal (site)/archive/2026-01.html
16:51:10 [paramiko.transport] Connected (version 2.0, client OpenSSH_8.4p1)
16:51:10 [paramiko.transport] Authentication (password) successful!
16:51:11 [paramiko.transport.sftp] [chan 0] Opened sftp connection (server version 3)
16:51:11 [autopublish.publisher] Uploaded /fromtheabysmal.net/posts/2026-01-29-what-you-are-not.html
16:51:11 [autopublish.publisher] Uploaded /fromtheabysmal.net/index.html
16:51:11 [autopublish.publisher] Uploaded /fromtheabysmal.net/rss.xml
16:51:11 [autopublish.publisher] Uploaded /fromtheabysmal.net/archive/2026-01.html
16:51:11 [paramiko.transport.sftp] [chan 0] sftp session closed.
16:51:11 [autopublish.publisher] SFTP upload complete (4 files)
16:51:13 [autopublish.notifier] Email sent to mutativedesign@gmail.com: "What You Are Not" is live
16:51:14 [autopublish.veto] Published: 2026-01-29-what-you-are-not.html
16:51:14 [autopublish.publisher] Source changed for 'Some Observations (On Writing About Writing)' — re-publishing
16:51:14 [autopublish.publisher] Saved /Users/esther/Documents/from the abysmal (site)/posts/2026-05-01-some-observations.html
16:51:14 [autopublish.publisher] Rebuilt index.html and rss.xml
16:51:14 [autopublish.publisher] Saved /Users/esther/Documents/from the abysmal (site)/archive/2026-05.html
16:51:14 [paramiko.transport] Connected (version 2.0, client OpenSSH_8.4p1)
16:51:14 [paramiko.transport] Authentication (password) successful!
16:51:15 [paramiko.transport.sftp] [chan 0] Opened sftp connection (server version 3)
16:51:15 [autopublish.publisher] Uploaded /fromtheabysmal.net/posts/2026-05-01-some-observations.html
16:51:15 [autopublish.publisher] Uploaded /fromtheabysmal.net/index.html
16:51:15 [autopublish.publisher] Uploaded /fromtheabysmal.net/rss.xml
16:51:15 [autopublish.publisher] Uploaded /fromtheabysmal.net/archive/2026-05.html
16:51:15 [paramiko.transport.sftp] [chan 0] sftp session closed.
16:51:15 [autopublish.publisher] SFTP upload complete (4 files)
16:51:16 [autopublish.notifier] Email sent to mutativedesign@gmail.com: "Some Observations (On Writing About Writing)" updated
16:51:16 [autopublish.publisher] Re-published 'Some Observations (On Writing About Writing)' as 2026-05-01-some-observations with revision date 2026-05-04
16:30:40 [autopublish.veto] Veto deadline passed — publishing 'An introduction to an introduction to Human Design'
16:30:40 [autopublish.publisher] Saved /Users/esther/Documents/from the abysmal (site)/posts/2026-01-28-an-introduction-to-an-introduction-to-human-design.html
16:30:40 [autopublish.publisher] Rebuilt index.html and rss.xml
16:30:40 [autopublish.publisher] Saved /Users/esther/Documents/from the abysmal (site)/archive/2026-01.html
16:30:40 [paramiko.transport] Connected (version 2.0, client OpenSSH_8.4p1)
16:30:40 [paramiko.transport] Authentication (password) successful!
16:30:41 [paramiko.transport.sftp] [chan 0] Opened sftp connection (server version 3)
16:30:41 [autopublish.publisher] Uploaded /fromtheabysmal.net/posts/2026-01-28-an-introduction-to-an-introduction-to-human-design.html
16:30:41 [autopublish.publisher] Uploaded /fromtheabysmal.net/index.html
16:30:41 [autopublish.publisher] Uploaded /fromtheabysmal.net/rss.xml
16:30:41 [autopublish.publisher] Uploaded /fromtheabysmal.net/archive/2026-01.html
16:30:41 [paramiko.transport.sftp] [chan 0] sftp session closed.
16:30:41 [autopublish.publisher] SFTP upload complete (4 files)
16:30:42 [autopublish.notifier] Email sent to mutativedesign@gmail.com: "An introduction to an introduction to Human Design" is live
16:30:42 [autopublish.veto] Published: 2026-01-28-an-introduction-to-an-introduction-to-human-design.html
17:30:43 [autopublish.publisher] Source changed for 'An introduction to an introduction to Human Design' — re-publishing
17:30:43 [autopublish.publisher] Saved /Users/esther/Documents/from the abysmal (site)/posts/2026-01-28-an-introduction-to-an-introduction-to-human-design.html
17:30:43 [autopublish.publisher] Rebuilt index.html and rss.xml
17:30:43 [autopublish.publisher] Saved /Users/esther/Documents/from the abysmal (site)/archive/2026-01.html
17:30:43 [paramiko.transport] Connected (version 2.0, client OpenSSH_8.4p1)
17:30:44 [paramiko.transport] Authentication (password) successful!
17:30:44 [paramiko.transport.sftp] [chan 0] Opened sftp connection (server version 3)
17:30:44 [autopublish.publisher] Uploaded /fromtheabysmal.net/posts/2026-01-28-an-introduction-to-an-introduction-to-human-design.html
17:30:45 [autopublish.publisher] Uploaded /fromtheabysmal.net/index.html
17:30:45 [autopublish.publisher] Uploaded /fromtheabysmal.net/rss.xml
17:30:45 [autopublish.publisher] Uploaded /fromtheabysmal.net/archive/2026-01.html
17:30:45 [paramiko.transport.sftp] [chan 0] sftp session closed.
17:30:45 [autopublish.publisher] SFTP upload complete (4 files)
17:30:47 [autopublish.notifier] Email sent to mutativedesign@gmail.com: "An introduction to an introduction to Human Design" updated
17:30:47 [autopublish.publisher] Re-published 'An introduction to an introduction to Human Design' as 2026-01-28-an-introduction-to-an-introduction-to-human-design with revision date 2026-05-06
18:03:29 [autopublish.veto] Veto deadline passed — publishing 'processing my feelings on maybe, maybe not, winning an essay competition'
18:03:29 [autopublish.publisher] Saved /Users/esther/Documents/from the abysmal (site)/posts/2026-03-02-processing-my-feelings-on-maybe-maybe-not-winning-an-essay-c.html
18:03:29 [autopublish.publisher] Rebuilt index.html and rss.xml
18:03:29 [autopublish.publisher] Saved /Users/esther/Documents/from the abysmal (site)/archive/2026-03.html
18:03:30 [paramiko.transport] Connected (version 2.0, client OpenSSH_8.4p1)
18:03:30 [paramiko.transport] Authentication (password) successful!
18:03:30 [paramiko.transport.sftp] [chan 0] Opened sftp connection (server version 3)
18:03:30 [autopublish.publisher] Uploaded /fromtheabysmal.net/posts/2026-03-02-processing-my-feelings-on-maybe-maybe-not-winning-an-essay-c.html
18:03:30 [autopublish.publisher] Uploaded /fromtheabysmal.net/index.html
18:03:31 [autopublish.publisher] Uploaded /fromtheabysmal.net/rss.xml
18:03:31 [autopublish.publisher] Uploaded /fromtheabysmal.net/archive/2026-03.html
18:03:31 [paramiko.transport.sftp] [chan 0] sftp session closed.
18:03:31 [autopublish.publisher] SFTP upload complete (4 files)
18:03:32 [autopublish.notifier] Email sent to mutativedesign@gmail.com: "processing my feelings on maybe, maybe not, winning an essay competition" is live
18:03:33 [autopublish.veto] Published: 2026-03-02-processing-my-feelings-on-maybe-maybe-not-winning-an-essay-c.html
15:04:17 [autopublish.publisher] Source changed for 'Some Observations (On Writing About Writing)' — re-publishing
15:04:17 [autopublish.publisher] Saved /Users/esther/Documents/from the abysmal (site)/posts/2026-05-01-some-observations.html
15:04:17 [autopublish.publisher] Rebuilt index.html and rss.xml
15:04:17 [autopublish.publisher] Saved /Users/esther/Documents/from the abysmal (site)/archive/2026-05.html
15:04:17 [paramiko.transport] Connected (version 2.0, client OpenSSH_8.4p1)
15:04:17 [paramiko.transport] Authentication (password) successful!
15:04:18 [paramiko.transport.sftp] [chan 0] Opened sftp connection (server version 3)
15:04:18 [autopublish.publisher] Uploaded /fromtheabysmal.net/posts/2026-05-01-some-observations.html
15:04:18 [autopublish.publisher] Uploaded /fromtheabysmal.net/index.html
15:04:18 [autopublish.publisher] Uploaded /fromtheabysmal.net/rss.xml
15:04:18 [autopublish.publisher] Uploaded /fromtheabysmal.net/archive/2026-05.html
15:04:18 [paramiko.transport.sftp] [chan 0] sftp session closed.
15:04:18 [autopublish.publisher] SFTP upload complete (4 files)
15:04:20 [autopublish.notifier] Email sent to mutativedesign@gmail.com: "Some Observations (On Writing About Writing)" updated
15:04:20 [autopublish.publisher] Re-published 'Some Observations (On Writing About Writing)' as 2026-05-01-some-observations with revision date 2026-05-09
15:04:20 [autopublish.publisher] Source changed for 'processing my feelings on maybe, maybe not, winning an essay competition' — re-publishing
15:04:20 [autopublish.publisher] Title changed: 'processing my feelings on maybe, maybe not, winning an essay competition' → 'Processing my feelings on maybe, maybe not, winning an essay competition'
15:04:20 [autopublish.publisher] Saved /Users/esther/Documents/from the abysmal (site)/posts/2026-03-02-processing-my-feelings-on-maybe-maybe-not-winning-an-essay-c.html
15:04:20 [autopublish.publisher] Rebuilt index.html and rss.xml
15:04:20 [autopublish.publisher] Saved /Users/esther/Documents/from the abysmal (site)/archive/2026-03.html
15:04:20 [paramiko.transport] Connected (version 2.0, client OpenSSH_8.4p1)
15:04:20 [paramiko.transport] Authentication (password) successful!
15:04:20 [paramiko.transport.sftp] [chan 0] Opened sftp connection (server version 3)
15:04:21 [autopublish.publisher] Uploaded /fromtheabysmal.net/posts/2026-03-02-processing-my-feelings-on-maybe-maybe-not-winning-an-essay-c.html
15:04:21 [autopublish.publisher] Uploaded /fromtheabysmal.net/index.html
15:04:21 [autopublish.publisher] Uploaded /fromtheabysmal.net/rss.xml
15:04:21 [autopublish.publisher] Uploaded /fromtheabysmal.net/archive/2026-03.html
15:04:21 [paramiko.transport.sftp] [chan 0] sftp session closed.
15:04:21 [autopublish.publisher] SFTP upload complete (4 files)
15:04:23 [autopublish.notifier] Email sent to mutativedesign@gmail.com: "Processing my feelings on maybe, maybe not, winning an essay competition" updated
15:04:23 [autopublish.publisher] Re-published 'Processing my feelings on maybe, maybe not, winning an essay competition' as 2026-03-02-processing-my-feelings-on-maybe-maybe-not-winning-an-essay-c with revision date 2026-05-09
17:04:25 [autopublish.publisher] Source changed for 'Processing my feelings on maybe, maybe not, winning an essay competition' — re-publishing
17:04:25 [autopublish.publisher] Saved /Users/esther/Documents/from the abysmal (site)/posts/2026-03-02-processing-my-feelings-on-maybe-maybe-not-winning-an-essay-c.html
17:04:25 [autopublish.publisher] Rebuilt index.html and rss.xml
17:04:25 [autopublish.publisher] Saved /Users/esther/Documents/from the abysmal (site)/archive/2026-03.html
17:04:25 [paramiko.transport] Connected (version 2.0, client OpenSSH_8.4p1)
17:04:25 [paramiko.transport] Authentication (password) successful!
17:04:26 [paramiko.transport.sftp] [chan 0] Opened sftp connection (server version 3)
17:04:26 [autopublish.publisher] Uploaded /fromtheabysmal.net/posts/2026-03-02-processing-my-feelings-on-maybe-maybe-not-winning-an-essay-c.html
17:04:26 [autopublish.publisher] Uploaded /fromtheabysmal.net/index.html
17:04:26 [autopublish.publisher] Uploaded /fromtheabysmal.net/rss.xml
17:04:26 [autopublish.publisher] Uploaded /fromtheabysmal.net/archive/2026-03.html
17:04:26 [paramiko.transport.sftp] [chan 0] sftp session closed.
17:04:26 [autopublish.publisher] SFTP upload complete (4 files)
17:04:58 [autopublish.notifier] Email sent to mutativedesign@gmail.com: "Processing my feelings on maybe, maybe not, winning an essay competition" updated
17:04:58 [autopublish.publisher] Re-published 'Processing my feelings on maybe, maybe not, winning an essay competition' as 2026-03-02-processing-my-feelings-on-maybe-maybe-not-winning-an-essay-c with revision date 2026-05-09
12:44:43 [autopublish.publisher] Source changed for 'Processing my feelings on maybe, maybe not, winning an essay competition' — re-publishing
12:44:43 [autopublish.publisher] Saved /Users/esther/Documents/from the abysmal (site)/posts/2026-03-02-processing-my-feelings-on-maybe-maybe-not-winning-an-essay-c.html
12:44:43 [autopublish.publisher] Rebuilt index.html and rss.xml
12:44:43 [autopublish.publisher] Saved /Users/esther/Documents/from the abysmal (site)/archive/2026-03.html
12:44:43 [paramiko.transport] Connected (version 2.0, client OpenSSH_8.4p1)
12:44:43 [paramiko.transport] Authentication (password) successful!
12:44:44 [paramiko.transport.sftp] [chan 0] Opened sftp connection (server version 3)
12:44:44 [autopublish.publisher] Uploaded /fromtheabysmal.net/posts/2026-03-02-processing-my-feelings-on-maybe-maybe-not-winning-an-essay-c.html
12:44:44 [autopublish.publisher] Uploaded /fromtheabysmal.net/index.html
12:44:44 [autopublish.publisher] Uploaded /fromtheabysmal.net/rss.xml
12:44:44 [autopublish.publisher] Uploaded /fromtheabysmal.net/archive/2026-03.html
12:44:44 [paramiko.transport.sftp] [chan 0] sftp session closed.
12:44:44 [autopublish.publisher] SFTP upload complete (4 files)
12:44:45 [autopublish.notifier] Email sent to mutativedesign@gmail.com: "Processing my feelings on maybe, maybe not, winning an essay competition" updated
12:44:46 [autopublish.publisher] Re-published 'Processing my feelings on maybe, maybe not, winning an essay competition' as 2026-03-02-processing-my-feelings-on-maybe-maybe-not-winning-an-essay-c with revision date 2026-05-11
17:04:41 [autopublish.veto] IMAP check failed: [Errno 54] Connection reset by peer
17:04:41 [autopublish.veto] Veto deadline passed — publishing 'life force'
17:04:41 [autopublish.veto] Source edited during veto window — publishing latest file version
17:04:41 [autopublish.publisher] Saved /Users/esther/Documents/from the abysmal (site)/posts/2026-01-30-life-force.html
17:04:41 [autopublish.publisher] Rebuilt index.html and rss.xml
17:04:41 [autopublish.publisher] Saved /Users/esther/Documents/from the abysmal (site)/archive/2026-01.html
17:04:42 [paramiko.transport] Connected (version 2.0, client OpenSSH_8.4p1)
17:04:42 [paramiko.transport] Authentication (password) successful!
17:04:42 [paramiko.transport.sftp] [chan 0] Opened sftp connection (server version 3)
17:04:43 [autopublish.publisher] Uploaded /fromtheabysmal.net/posts/2026-01-30-life-force.html
17:04:43 [autopublish.publisher] Uploaded /fromtheabysmal.net/index.html
17:04:43 [autopublish.publisher] Uploaded /fromtheabysmal.net/rss.xml
17:04:43 [autopublish.publisher] Uploaded /fromtheabysmal.net/archive/2026-01.html
17:04:43 [paramiko.transport.sftp] [chan 0] sftp session closed.
17:04:43 [autopublish.publisher] SFTP upload complete (4 files)
17:04:45 [autopublish.notifier] Email sent to mutativedesign@gmail.com: "life force" is live
17:04:45 [autopublish.veto] Published: 2026-01-30-life-force.html
12:27:34 [autopublish.publisher] Source changed for 'Trying my best to write down What Is New to get over my fear of publishing on Substack (2)' — re-publishing
12:27:34 [autopublish.publisher] Saved /Users/esther/Documents/from the abysmal (site)/posts/2026-03-10-trying-my-best-to-write-down-what-is-new-to-get-over-my-fear.html
12:27:34 [autopublish.publisher] Rebuilt index.html and rss.xml
12:27:34 [autopublish.publisher] Saved /Users/esther/Documents/from the abysmal (site)/archive/2026-03.html
12:27:34 [paramiko.transport] Connected (version 2.0, client OpenSSH_8.4p1)
12:27:34 [paramiko.transport] Authentication (password) successful!
12:27:35 [paramiko.transport.sftp] [chan 0] Opened sftp connection (server version 3)
12:27:35 [autopublish.publisher] Uploaded /fromtheabysmal.net/posts/2026-03-10-trying-my-best-to-write-down-what-is-new-to-get-over-my-fear.html
12:27:35 [autopublish.publisher] Uploaded /fromtheabysmal.net/index.html
12:27:35 [autopublish.publisher] Uploaded /fromtheabysmal.net/rss.xml
12:27:35 [autopublish.publisher] Uploaded /fromtheabysmal.net/archive/2026-03.html
12:27:35 [paramiko.transport.sftp] [chan 0] sftp session closed.
12:27:35 [autopublish.publisher] SFTP upload complete (4 files)
12:27:36 [autopublish.notifier] Email sent to mutativedesign@gmail.com: "Trying my best to write down What Is New to get over my fear of publishing on Substack (2)" updated
12:27:37 [autopublish.publisher] Re-published 'Trying my best to write down What Is New to get over my fear of publishing on Substack (2)' as 2026-03-10-trying-my-best-to-write-down-what-is-new-to-get-over-my-fear with revision date 2026-05-12
12:57:37 [autopublish.publisher] Source changed for 'Processing my feelings on maybe, maybe not, winning an essay competition' — re-publishing
12:57:37 [autopublish.publisher] Saved /Users/esther/Documents/from the abysmal (site)/posts/2026-03-02-processing-my-feelings-on-maybe-maybe-not-winning-an-essay-c.html
12:57:37 [autopublish.publisher] Rebuilt index.html and rss.xml
12:57:37 [autopublish.publisher] Saved /Users/esther/Documents/from the abysmal (site)/archive/2026-05.html
12:57:37 [autopublish.publisher] Saved /Users/esther/Documents/from the abysmal (site)/archive/2026-04.html
12:57:37 [autopublish.publisher] Saved /Users/esther/Documents/from the abysmal (site)/archive/2026-03.html
12:57:37 [autopublish.publisher] Saved /Users/esther/Documents/from the abysmal (site)/archive/2026-02.html
12:57:37 [autopublish.publisher] Saved /Users/esther/Documents/from the abysmal (site)/archive/2026-01.html
12:57:37 [paramiko.transport] Connected (version 2.0, client OpenSSH_8.4p1)
12:57:37 [paramiko.transport] Authentication (password) successful!
12:57:38 [paramiko.transport.sftp] [chan 0] Opened sftp connection (server version 3)
12:57:38 [autopublish.publisher] Uploaded /fromtheabysmal.net/posts/2026-03-02-processing-my-feelings-on-maybe-maybe-not-winning-an-essay-c.html
12:57:38 [autopublish.publisher] Uploaded /fromtheabysmal.net/index.html
12:57:38 [autopublish.publisher] Uploaded /fromtheabysmal.net/rss.xml
12:57:38 [autopublish.publisher] Uploaded /fromtheabysmal.net/archive/2026-05.html
12:57:38 [autopublish.publisher] Uploaded /fromtheabysmal.net/archive/2026-04.html
12:57:38 [autopublish.publisher] Uploaded /fromtheabysmal.net/archive/2026-03.html
12:57:39 [autopublish.publisher] Uploaded /fromtheabysmal.net/archive/2026-02.html
12:57:39 [autopublish.publisher] Uploaded /fromtheabysmal.net/archive/2026-01.html
12:57:39 [paramiko.transport.sftp] [chan 0] sftp session closed.
12:57:39 [autopublish.publisher] SFTP upload complete (8 files)
12:57:40 [autopublish.notifier] Email sent to mutativedesign@gmail.com: "Processing my feelings on maybe, maybe not, winning an essay competition" updated
12:57:40 [autopublish.publisher] Re-published 'Processing my feelings on maybe, maybe not, winning an essay competition' as 2026-03-02-processing-my-feelings-on-maybe-maybe-not-winning-an-essay-c with revision date 2026-05-12
13:27:41 [autopublish.publisher] Source changed for 'Trying my best to write down What Is New to get over my fear of publishing on Substack (2)' — re-publishing
13:27:41 [autopublish.publisher] Saved /Users/esther/Documents/from the abysmal (site)/posts/2026-03-10-trying-my-best-to-write-down-what-is-new-to-get-over-my-fear.html
13:27:41 [autopublish.publisher] Rebuilt index.html and rss.xml
13:27:41 [autopublish.publisher] Saved /Users/esther/Documents/from the abysmal (site)/archive/2026-05.html
13:27:41 [autopublish.publisher] Saved /Users/esther/Documents/from the abysmal (site)/archive/2026-04.html
13:27:41 [autopublish.publisher] Saved /Users/esther/Documents/from the abysmal (site)/archive/2026-03.html
13:27:41 [autopublish.publisher] Saved /Users/esther/Documents/from the abysmal (site)/archive/2026-02.html
13:27:41 [autopublish.publisher] Saved /Users/esther/Documents/from the abysmal (site)/archive/2026-01.html
13:27:41 [paramiko.transport] Connected (version 2.0, client OpenSSH_8.4p1)
13:27:41 [paramiko.transport] Authentication (password) successful!
13:27:41 [paramiko.transport.sftp] [chan 0] Opened sftp connection (server version 3)
13:27:42 [autopublish.publisher] Uploaded /fromtheabysmal.net/posts/2026-03-10-trying-my-best-to-write-down-what-is-new-to-get-over-my-fear.html
13:27:42 [autopublish.publisher] Uploaded /fromtheabysmal.net/index.html
13:27:42 [autopublish.publisher] Uploaded /fromtheabysmal.net/rss.xml
13:27:42 [autopublish.publisher] Uploaded /fromtheabysmal.net/archive/2026-05.html
13:27:42 [autopublish.publisher] Uploaded /fromtheabysmal.net/archive/2026-04.html
13:27:42 [autopublish.publisher] Uploaded /fromtheabysmal.net/archive/2026-03.html
13:27:42 [autopublish.publisher] Uploaded /fromtheabysmal.net/archive/2026-02.html
13:27:42 [autopublish.publisher] Uploaded /fromtheabysmal.net/archive/2026-01.html
13:27:42 [paramiko.transport.sftp] [chan 0] sftp session closed.
13:27:42 [autopublish.publisher] SFTP upload complete (8 files)
13:27:44 [autopublish.notifier] Email sent to mutativedesign@gmail.com: "Trying my best to write down What Is New to get over my fear of publishing on Substack (2)" updated
13:27:44 [autopublish.publisher] Re-published 'Trying my best to write down What Is New to get over my fear of publishing on Substack (2)' as 2026-03-10-trying-my-best-to-write-down-what-is-new-to-get-over-my-fear with revision date 2026-05-12
13:57:44 [autopublish.publisher] Source changed for 'Trying my best to write down What Is New to get over my fear of publishing on Substack (2)' — re-publishing
13:57:44 [autopublish.publisher] Saved /Users/esther/Documents/from the abysmal (site)/posts/2026-03-10-trying-my-best-to-write-down-what-is-new-to-get-over-my-fear.html
13:57:44 [autopublish.publisher] Rebuilt index.html and rss.xml
13:57:44 [autopublish.publisher] Saved /Users/esther/Documents/from the abysmal (site)/archive/2026-05.html
13:57:44 [autopublish.publisher] Saved /Users/esther/Documents/from the abysmal (site)/archive/2026-04.html
13:57:44 [autopublish.publisher] Saved /Users/esther/Documents/from the abysmal (site)/archive/2026-03.html
13:57:44 [autopublish.publisher] Saved /Users/esther/Documents/from the abysmal (site)/archive/2026-02.html
13:57:44 [autopublish.publisher] Saved /Users/esther/Documents/from the abysmal (site)/archive/2026-01.html
13:57:44 [paramiko.transport] Connected (version 2.0, client OpenSSH_8.4p1)
13:57:45 [paramiko.transport] Authentication (password) successful!
13:57:45 [paramiko.transport.sftp] [chan 0] Opened sftp connection (server version 3)
13:57:45 [autopublish.publisher] Uploaded /fromtheabysmal.net/posts/2026-03-10-trying-my-best-to-write-down-what-is-new-to-get-over-my-fear.html
13:57:45 [autopublish.publisher] Uploaded /fromtheabysmal.net/index.html
13:57:45 [autopublish.publisher] Uploaded /fromtheabysmal.net/rss.xml
13:57:45 [autopublish.publisher] Uploaded /fromtheabysmal.net/archive/2026-05.html
13:57:46 [autopublish.publisher] Uploaded /fromtheabysmal.net/archive/2026-04.html
13:57:46 [autopublish.publisher] Uploaded /fromtheabysmal.net/archive/2026-03.html
13:57:46 [autopublish.publisher] Uploaded /fromtheabysmal.net/archive/2026-02.html
13:57:46 [autopublish.publisher] Uploaded /fromtheabysmal.net/archive/2026-01.html
13:57:46 [paramiko.transport.sftp] [chan 0] sftp session closed.
13:57:46 [autopublish.publisher] SFTP upload complete (8 files)
13:57:47 [autopublish.notifier] Email sent to mutativedesign@gmail.com: "Trying my best to write down What Is New to get over my fear of publishing on Substack (2)" updated
13:57:47 [autopublish.publisher] Re-published 'Trying my best to write down What Is New to get over my fear of publishing on Substack (2)' as 2026-03-10-trying-my-best-to-write-down-what-is-new-to-get-over-my-fear with revision date 2026-05-12
13:57:47 [autopublish.publisher] Source changed for 'Some Observations (On Writing About Writing)' — re-publishing
13:57:47 [autopublish.publisher] Saved /Users/esther/Documents/from the abysmal (site)/posts/2026-05-01-some-observations.html
13:57:47 [autopublish.publisher] Rebuilt index.html and rss.xml
13:57:47 [autopublish.publisher] Saved /Users/esther/Documents/from the abysmal (site)/archive/2026-05.html
13:57:47 [autopublish.publisher] Saved /Users/esther/Documents/from the abysmal (site)/archive/2026-04.html
13:57:47 [autopublish.publisher] Saved /Users/esther/Documents/from the abysmal (site)/archive/2026-03.html
13:57:47 [autopublish.publisher] Saved /Users/esther/Documents/from the abysmal (site)/archive/2026-02.html
13:57:47 [autopublish.publisher] Saved /Users/esther/Documents/from the abysmal (site)/archive/2026-01.html
13:57:47 [paramiko.transport] Connected (version 2.0, client OpenSSH_8.4p1)
13:57:48 [paramiko.transport] Authentication (password) successful!
13:57:48 [paramiko.transport.sftp] [chan 0] Opened sftp connection (server version 3)
13:57:48 [autopublish.publisher] Uploaded /fromtheabysmal.net/posts/2026-05-01-some-observations.html
13:57:49 [autopublish.publisher] Uploaded /fromtheabysmal.net/index.html
13:57:49 [autopublish.publisher] Uploaded /fromtheabysmal.net/rss.xml
13:57:49 [autopublish.publisher] Uploaded /fromtheabysmal.net/archive/2026-05.html
13:57:49 [autopublish.publisher] Uploaded /fromtheabysmal.net/archive/2026-04.html
13:57:49 [autopublish.publisher] Uploaded /fromtheabysmal.net/archive/2026-03.html
13:57:49 [autopublish.publisher] Uploaded /fromtheabysmal.net/archive/2026-02.html
13:57:49 [autopublish.publisher] Uploaded /fromtheabysmal.net/archive/2026-01.html
13:57:49 [paramiko.transport.sftp] [chan 0] sftp session closed.
13:57:49 [autopublish.publisher] SFTP upload complete (8 files)
13:57:50 [autopublish.notifier] Email sent to mutativedesign@gmail.com: "Some Observations (On Writing About Writing)" updated
13:57:50 [autopublish.publisher] Re-published 'Some Observations (On Writing About Writing)' as 2026-05-01-some-observations with revision date 2026-05-12
11:36:19 [autopublish.publisher] Source changed for 'I want to be literarily significant' — re-publishing
11:36:19 [autopublish.publisher] Saved /Users/esther/Documents/from the abysmal (site)/posts/2026-04-27-literaryilly.html
11:36:19 [autopublish.publisher] Rebuilt index.html and rss.xml
11:36:19 [autopublish.publisher] Saved /Users/esther/Documents/from the abysmal (site)/archive/2026-05.html
11:36:19 [autopublish.publisher] Saved /Users/esther/Documents/from the abysmal (site)/archive/2026-04.html
11:36:19 [autopublish.publisher] Saved /Users/esther/Documents/from the abysmal (site)/archive/2026-03.html
11:36:19 [autopublish.publisher] Saved /Users/esther/Documents/from the abysmal (site)/archive/2026-02.html
11:36:19 [autopublish.publisher] Saved /Users/esther/Documents/from the abysmal (site)/archive/2026-01.html
11:36:19 [paramiko.transport] Connected (version 2.0, client OpenSSH_8.4p1)
11:36:19 [paramiko.transport] Authentication (password) successful!
11:36:20 [paramiko.transport.sftp] [chan 0] Opened sftp connection (server version 3)
11:36:20 [autopublish.publisher] Uploaded /fromtheabysmal.net/posts/2026-04-27-literaryilly.html
11:36:20 [autopublish.publisher] Uploaded /fromtheabysmal.net/index.html
11:36:20 [autopublish.publisher] Uploaded /fromtheabysmal.net/rss.xml
11:36:20 [autopublish.publisher] Uploaded /fromtheabysmal.net/archive/2026-05.html
11:36:20 [autopublish.publisher] Uploaded /fromtheabysmal.net/archive/2026-04.html
11:36:20 [autopublish.publisher] Uploaded /fromtheabysmal.net/archive/2026-03.html
11:36:21 [autopublish.publisher] Uploaded /fromtheabysmal.net/archive/2026-02.html
11:36:21 [autopublish.publisher] Uploaded /fromtheabysmal.net/archive/2026-01.html
11:36:21 [paramiko.transport.sftp] [chan 0] sftp session closed.
11:36:21 [autopublish.publisher] SFTP upload complete (8 files)
11:36:22 [autopublish.notifier] Email sent to mutativedesign@gmail.com: "I want to be literarily significant" updated
11:36:22 [autopublish.publisher] Re-published 'I want to be literarily significant' as 2026-04-27-literaryilly with revision date 2026-05-13
11:36:22 [autopublish.publisher] Source changed for 'That Time Of Year' — re-publishing
11:36:22 [autopublish.publisher] Saved /Users/esther/Documents/from the abysmal (site)/posts/2026-04-29-that-time-of-year.html
11:36:22 [autopublish.publisher] Rebuilt index.html and rss.xml
11:36:22 [autopublish.publisher] Saved /Users/esther/Documents/from the abysmal (site)/archive/2026-05.html
11:36:22 [autopublish.publisher] Saved /Users/esther/Documents/from the abysmal (site)/archive/2026-04.html
11:36:22 [autopublish.publisher] Saved /Users/esther/Documents/from the abysmal (site)/archive/2026-03.html
11:36:22 [autopublish.publisher] Saved /Users/esther/Documents/from the abysmal (site)/archive/2026-02.html
11:36:22 [autopublish.publisher] Saved /Users/esther/Documents/from the abysmal (site)/archive/2026-01.html
11:36:22 [paramiko.transport] Connected (version 2.0, client OpenSSH_8.4p1)
11:36:22 [paramiko.transport] Authentication (password) successful!
11:36:23 [paramiko.transport.sftp] [chan 0] Opened sftp connection (server version 3)
11:36:23 [autopublish.publisher] Uploaded /fromtheabysmal.net/posts/2026-04-29-that-time-of-year.html
11:36:23 [autopublish.publisher] Uploaded /fromtheabysmal.net/index.html
11:36:23 [autopublish.publisher] Uploaded /fromtheabysmal.net/rss.xml
11:36:23 [autopublish.publisher] Uploaded /fromtheabysmal.net/archive/2026-05.html
11:36:23 [autopublish.publisher] Uploaded /fromtheabysmal.net/archive/2026-04.html
11:36:24 [autopublish.publisher] Uploaded /fromtheabysmal.net/archive/2026-03.html
11:36:24 [autopublish.publisher] Uploaded /fromtheabysmal.net/archive/2026-02.html
11:36:24 [autopublish.publisher] Uploaded /fromtheabysmal.net/archive/2026-01.html
11:36:24 [paramiko.transport.sftp] [chan 0] sftp session closed.
11:36:24 [autopublish.publisher] SFTP upload complete (8 files)
11:36:25 [autopublish.notifier] Email sent to mutativedesign@gmail.com: "That Time Of Year" updated
11:36:25 [autopublish.publisher] Re-published 'That Time Of Year' as 2026-04-29-that-time-of-year with revision date 2026-05-13
11:36:25 [autopublish.publisher] Source changed for 'Some Observations (On Writing About Writing)' — re-publishing
11:36:25 [autopublish.publisher] Saved /Users/esther/Documents/from the abysmal (site)/posts/2026-05-01-some-observations.html
11:36:25 [autopublish.publisher] Rebuilt index.html and rss.xml
11:36:25 [autopublish.publisher] Saved /Users/esther/Documents/from the abysmal (site)/archive/2026-05.html
11:36:25 [autopublish.publisher] Saved /Users/esther/Documents/from the abysmal (site)/archive/2026-04.html
11:36:25 [autopublish.publisher] Saved /Users/esther/Documents/from the abysmal (site)/archive/2026-03.html
11:36:25 [autopublish.publisher] Saved /Users/esther/Documents/from the abysmal (site)/archive/2026-02.html
11:36:25 [autopublish.publisher] Saved /Users/esther/Documents/from the abysmal (site)/archive/2026-01.html
11:36:25 [paramiko.transport] Connected (version 2.0, client OpenSSH_8.4p1)
11:36:25 [paramiko.transport] Authentication (password) successful!
11:36:26 [paramiko.transport.sftp] [chan 0] Opened sftp connection (server version 3)
11:36:26 [autopublish.publisher] Uploaded /fromtheabysmal.net/posts/2026-05-01-some-observations.html
11:36:26 [autopublish.publisher] Uploaded /fromtheabysmal.net/index.html
11:36:26 [autopublish.publisher] Uploaded /fromtheabysmal.net/rss.xml
11:36:26 [autopublish.publisher] Uploaded /fromtheabysmal.net/archive/2026-05.html
11:36:26 [autopublish.publisher] Uploaded /fromtheabysmal.net/archive/2026-04.html
11:36:26 [autopublish.publisher] Uploaded /fromtheabysmal.net/archive/2026-03.html
11:36:26 [autopublish.publisher] Uploaded /fromtheabysmal.net/archive/2026-02.html
11:36:27 [autopublish.publisher] Uploaded /fromtheabysmal.net/archive/2026-01.html
11:36:27 [paramiko.transport.sftp] [chan 0] sftp session closed.
11:36:27 [autopublish.publisher] SFTP upload complete (8 files)
11:36:28 [autopublish.notifier] Email sent to mutativedesign@gmail.com: "Some Observations (On Writing About Writing)" updated
11:36:28 [autopublish.publisher] Re-published 'Some Observations (On Writing About Writing)' as 2026-05-01-some-observations with revision date 2026-05-13
11:36:28 [autopublish.publisher] Source changed for 'Processing my feelings on maybe, maybe not, winning an essay competition' — re-publishing
11:36:28 [autopublish.publisher] Saved /Users/esther/Documents/from the abysmal (site)/posts/2026-03-02-processing-my-feelings-on-maybe-maybe-not-winning-an-essay-c.html
11:36:28 [autopublish.publisher] Rebuilt index.html and rss.xml
11:36:28 [autopublish.publisher] Saved /Users/esther/Documents/from the abysmal (site)/archive/2026-05.html
11:36:28 [autopublish.publisher] Saved /Users/esther/Documents/from the abysmal (site)/archive/2026-04.html
11:36:28 [autopublish.publisher] Saved /Users/esther/Documents/from the abysmal (site)/archive/2026-03.html
11:36:28 [autopublish.publisher] Saved /Users/esther/Documents/from the abysmal (site)/archive/2026-02.html
11:36:28 [autopublish.publisher] Saved /Users/esther/Documents/from the abysmal (site)/archive/2026-01.html
11:36:28 [paramiko.transport] Connected (version 2.0, client OpenSSH_8.4p1)
11:36:28 [paramiko.transport] Authentication (password) successful!
11:36:28 [paramiko.transport.sftp] [chan 0] Opened sftp connection (server version 3)
11:36:29 [autopublish.publisher] Uploaded /fromtheabysmal.net/posts/2026-03-02-processing-my-feelings-on-maybe-maybe-not-winning-an-essay-c.html
11:36:29 [autopublish.publisher] Uploaded /fromtheabysmal.net/index.html
11:36:29 [autopublish.publisher] Uploaded /fromtheabysmal.net/rss.xml
11:36:29 [autopublish.publisher] Uploaded /fromtheabysmal.net/archive/2026-05.html
11:36:29 [autopublish.publisher] Uploaded /fromtheabysmal.net/archive/2026-04.html
11:36:29 [autopublish.publisher] Uploaded /fromtheabysmal.net/archive/2026-03.html
11:36:29 [autopublish.publisher] Uploaded /fromtheabysmal.net/archive/2026-02.html
11:36:29 [autopublish.publisher] Uploaded /fromtheabysmal.net/archive/2026-01.html
11:36:29 [paramiko.transport.sftp] [chan 0] sftp session closed.
11:36:29 [autopublish.publisher] SFTP upload complete (8 files)
11:36:30 [autopublish.notifier] Email sent to mutativedesign@gmail.com: "Processing my feelings on maybe, maybe not, winning an essay competition" updated
11:36:30 [autopublish.publisher] Re-published 'Processing my feelings on maybe, maybe not, winning an essay competition' as 2026-03-02-processing-my-feelings-on-maybe-maybe-not-winning-an-essay-c with revision date 2026-05-13
11:36:30 [autopublish.publisher] Source changed for 'life force' — re-publishing
11:36:30 [autopublish.publisher] Title changed: 'life force' → 'Me realizing in real time that the non-sacral experience is fundamentally different from the sacral’s'
11:36:30 [autopublish.publisher] Saved /Users/esther/Documents/from the abysmal (site)/posts/2026-01-30-life-force.html
11:36:30 [autopublish.publisher] Rebuilt index.html and rss.xml
11:36:30 [autopublish.publisher] Saved /Users/esther/Documents/from the abysmal (site)/archive/2026-05.html
11:36:30 [autopublish.publisher] Saved /Users/esther/Documents/from the abysmal (site)/archive/2026-04.html
11:36:30 [autopublish.publisher] Saved /Users/esther/Documents/from the abysmal (site)/archive/2026-03.html
11:36:30 [autopublish.publisher] Saved /Users/esther/Documents/from the abysmal (site)/archive/2026-02.html
11:36:30 [autopublish.publisher] Saved /Users/esther/Documents/from the abysmal (site)/archive/2026-01.html
11:36:30 [paramiko.transport] Connected (version 2.0, client OpenSSH_8.4p1)
11:36:31 [paramiko.transport] Authentication (password) successful!
11:36:31 [paramiko.transport.sftp] [chan 0] Opened sftp connection (server version 3)
11:36:31 [autopublish.publisher] Uploaded /fromtheabysmal.net/posts/2026-01-30-life-force.html
11:36:31 [autopublish.publisher] Uploaded /fromtheabysmal.net/index.html
11:36:31 [autopublish.publisher] Uploaded /fromtheabysmal.net/rss.xml
11:36:31 [autopublish.publisher] Uploaded /fromtheabysmal.net/archive/2026-05.html
11:36:32 [autopublish.publisher] Uploaded /fromtheabysmal.net/archive/2026-04.html
11:36:32 [autopublish.publisher] Uploaded /fromtheabysmal.net/archive/2026-03.html
11:36:32 [autopublish.publisher] Uploaded /fromtheabysmal.net/archive/2026-02.html
11:36:32 [autopublish.publisher] Uploaded /fromtheabysmal.net/archive/2026-01.html
11:36:32 [paramiko.transport.sftp] [chan 0] sftp session closed.
11:36:32 [autopublish.publisher] SFTP upload complete (8 files)
11:36:33 [autopublish.notifier] Email sent to mutativedesign@gmail.com: "Me realizing in real time that the non-sacral experience is fundamentally different from the sacral’s" updated
11:36:33 [autopublish.publisher] Re-published 'Me realizing in real time that the non-sacral experience is fundamentally different from the sacral’s' as 2026-01-30-life-force with revision date 2026-05-13
12:06:34 [autopublish.publisher] Source changed for 'Resistance Thoughts' — re-publishing
12:06:34 [autopublish.publisher] Saved /Users/esther/Documents/from the abysmal (site)/posts/2026-02-06-resistance-thoughts.html
12:06:34 [autopublish.publisher] Rebuilt index.html and rss.xml
12:06:34 [autopublish.publisher] Saved /Users/esther/Documents/from the abysmal (site)/archive/2026-05.html
12:06:34 [autopublish.publisher] Saved /Users/esther/Documents/from the abysmal (site)/archive/2026-04.html
12:06:34 [autopublish.publisher] Saved /Users/esther/Documents/from the abysmal (site)/archive/2026-03.html
12:06:34 [autopublish.publisher] Saved /Users/esther/Documents/from the abysmal (site)/archive/2026-02.html
12:06:34 [autopublish.publisher] Saved /Users/esther/Documents/from the abysmal (site)/archive/2026-01.html
12:06:34 [paramiko.transport] Connected (version 2.0, client OpenSSH_8.4p1)
12:06:35 [paramiko.transport] Authentication (password) successful!
12:06:35 [paramiko.transport.sftp] [chan 0] Opened sftp connection (server version 3)
12:06:35 [autopublish.publisher] Uploaded /fromtheabysmal.net/posts/2026-02-06-resistance-thoughts.html
12:06:35 [autopublish.publisher] Uploaded /fromtheabysmal.net/index.html
12:06:35 [autopublish.publisher] Uploaded /fromtheabysmal.net/rss.xml
12:06:36 [autopublish.publisher] Uploaded /fromtheabysmal.net/archive/2026-05.html
12:06:36 [autopublish.publisher] Uploaded /fromtheabysmal.net/archive/2026-04.html
12:06:36 [autopublish.publisher] Uploaded /fromtheabysmal.net/archive/2026-03.html
12:06:36 [autopublish.publisher] Uploaded /fromtheabysmal.net/archive/2026-02.html
12:06:36 [autopublish.publisher] Uploaded /fromtheabysmal.net/archive/2026-01.html
12:06:36 [paramiko.transport.sftp] [chan 0] sftp session closed.
12:06:36 [autopublish.publisher] SFTP upload complete (8 files)
12:06:37 [autopublish.notifier] Email sent to mutativedesign@gmail.com: "Resistance Thoughts" updated
12:06:37 [autopublish.publisher] Re-published 'Resistance Thoughts' as 2026-02-06-resistance-thoughts with revision date 2026-05-13
12:06:37 [autopublish.publisher] Source changed for 'Some Observations (On Writing About Writing)' — re-publishing
12:06:37 [autopublish.publisher] Saved /Users/esther/Documents/from the abysmal (site)/posts/2026-05-01-some-observations.html
12:06:37 [autopublish.publisher] Rebuilt index.html and rss.xml
12:06:37 [autopublish.publisher] Saved /Users/esther/Documents/from the abysmal (site)/archive/2026-05.html
12:06:37 [autopublish.publisher] Saved /Users/esther/Documents/from the abysmal (site)/archive/2026-04.html
12:06:37 [autopublish.publisher] Saved /Users/esther/Documents/from the abysmal (site)/archive/2026-03.html
12:06:37 [autopublish.publisher] Saved /Users/esther/Documents/from the abysmal (site)/archive/2026-02.html
12:06:37 [autopublish.publisher] Saved /Users/esther/Documents/from the abysmal (site)/archive/2026-01.html
12:06:37 [paramiko.transport] Connected (version 2.0, client OpenSSH_8.4p1)
12:06:38 [paramiko.transport] Authentication (password) successful!
12:06:38 [paramiko.transport.sftp] [chan 0] Opened sftp connection (server version 3)
12:06:38 [autopublish.publisher] Uploaded /fromtheabysmal.net/posts/2026-05-01-some-observations.html
12:06:38 [autopublish.publisher] Uploaded /fromtheabysmal.net/index.html
12:06:38 [autopublish.publisher] Uploaded /fromtheabysmal.net/rss.xml
12:06:38 [autopublish.publisher] Uploaded /fromtheabysmal.net/archive/2026-05.html
12:06:39 [autopublish.publisher] Uploaded /fromtheabysmal.net/archive/2026-04.html
12:06:39 [autopublish.publisher] Uploaded /fromtheabysmal.net/archive/2026-03.html
12:06:39 [autopublish.publisher] Uploaded /fromtheabysmal.net/archive/2026-02.html
12:06:39 [autopublish.publisher] Uploaded /fromtheabysmal.net/archive/2026-01.html
12:06:39 [paramiko.transport.sftp] [chan 0] sftp session closed.
12:06:39 [autopublish.publisher] SFTP upload complete (8 files)
12:06:40 [autopublish.notifier] Email sent to mutativedesign@gmail.com: "Some Observations (On Writing About Writing)" updated
12:06:40 [autopublish.publisher] Re-published 'Some Observations (On Writing About Writing)' as 2026-05-01-some-observations with revision date 2026-05-13
12:06:40 [autopublish.publisher] Source changed for 'What You Are Not' — re-publishing
12:06:40 [autopublish.publisher] Saved /Users/esther/Documents/from the abysmal (site)/posts/2026-01-29-what-you-are-not.html
12:06:40 [autopublish.publisher] Rebuilt index.html and rss.xml
12:06:40 [autopublish.publisher] Saved /Users/esther/Documents/from the abysmal (site)/archive/2026-05.html
12:06:40 [autopublish.publisher] Saved /Users/esther/Documents/from the abysmal (site)/archive/2026-04.html
12:06:40 [autopublish.publisher] Saved /Users/esther/Documents/from the abysmal (site)/archive/2026-03.html
12:06:40 [autopublish.publisher] Saved /Users/esther/Documents/from the abysmal (site)/archive/2026-02.html
12:06:40 [autopublish.publisher] Saved /Users/esther/Documents/from the abysmal (site)/archive/2026-01.html
12:06:40 [paramiko.transport] Connected (version 2.0, client OpenSSH_8.4p1)
12:06:40 [paramiko.transport] Authentication (password) successful!
12:06:41 [paramiko.transport.sftp] [chan 0] Opened sftp connection (server version 3)
12:06:41 [autopublish.publisher] Uploaded /fromtheabysmal.net/posts/2026-01-29-what-you-are-not.html
12:06:41 [autopublish.publisher] Uploaded /fromtheabysmal.net/index.html
12:06:41 [autopublish.publisher] Uploaded /fromtheabysmal.net/rss.xml
12:06:41 [autopublish.publisher] Uploaded /fromtheabysmal.net/archive/2026-05.html
12:06:41 [autopublish.publisher] Uploaded /fromtheabysmal.net/archive/2026-04.html
12:06:41 [autopublish.publisher] Uploaded /fromtheabysmal.net/archive/2026-03.html
12:06:41 [autopublish.publisher] Uploaded /fromtheabysmal.net/archive/2026-02.html
12:06:41 [autopublish.publisher] Uploaded /fromtheabysmal.net/archive/2026-01.html
12:06:41 [paramiko.transport.sftp] [chan 0] sftp session closed.
12:06:41 [autopublish.publisher] SFTP upload complete (8 files)
12:06:42 [autopublish.notifier] Email sent to mutativedesign@gmail.com: "What You Are Not" updated
12:06:42 [autopublish.publisher] Re-published 'What You Are Not' as 2026-01-29-what-you-are-not with revision date 2026-05-13
12:06:42 [autopublish.publisher] Source changed for 'Me realizing in real time that the non-sacral experience is fundamentally different from the sacral’s' — re-publishing
12:06:42 [autopublish.publisher] Title changed: 'Me realizing in real time that the non-sacral experience is fundamentally different from the sacral’s' → 'Me realizing in real time that the non-sacral experience is fundamentally different from mine'
12:06:42 [autopublish.publisher] Saved /Users/esther/Documents/from the abysmal (site)/posts/2026-01-30-life-force.html
12:06:42 [autopublish.publisher] Rebuilt index.html and rss.xml
12:06:42 [autopublish.publisher] Saved /Users/esther/Documents/from the abysmal (site)/archive/2026-05.html
12:06:42 [autopublish.publisher] Saved /Users/esther/Documents/from the abysmal (site)/archive/2026-04.html
12:06:42 [autopublish.publisher] Saved /Users/esther/Documents/from the abysmal (site)/archive/2026-03.html
12:06:42 [autopublish.publisher] Saved /Users/esther/Documents/from the abysmal (site)/archive/2026-02.html
12:06:42 [autopublish.publisher] Saved /Users/esther/Documents/from the abysmal (site)/archive/2026-01.html
12:06:42 [paramiko.transport] Connected (version 2.0, client OpenSSH_8.4p1)
12:06:43 [paramiko.transport] Authentication (password) successful!
12:06:43 [paramiko.transport.sftp] [chan 0] Opened sftp connection (server version 3)
12:06:43 [autopublish.publisher] Uploaded /fromtheabysmal.net/posts/2026-01-30-life-force.html
12:06:43 [autopublish.publisher] Uploaded /fromtheabysmal.net/index.html
12:06:44 [autopublish.publisher] Uploaded /fromtheabysmal.net/rss.xml
12:06:44 [autopublish.publisher] Uploaded /fromtheabysmal.net/archive/2026-05.html
12:06:44 [autopublish.publisher] Uploaded /fromtheabysmal.net/archive/2026-04.html
12:06:44 [autopublish.publisher] Uploaded /fromtheabysmal.net/archive/2026-03.html
12:06:44 [autopublish.publisher] Uploaded /fromtheabysmal.net/archive/2026-02.html
12:06:44 [autopublish.publisher] Uploaded /fromtheabysmal.net/archive/2026-01.html
12:06:44 [paramiko.transport.sftp] [chan 0] sftp session closed.
12:06:44 [autopublish.publisher] SFTP upload complete (8 files)
12:06:45 [autopublish.notifier] Email sent to mutativedesign@gmail.com: "Me realizing in real time that the non-sacral experience is fundamentally different from mine" updated
12:06:45 [autopublish.publisher] Re-published 'Me realizing in real time that the non-sacral experience is fundamentally different from mine' as 2026-01-30-life-force with revision date 2026-05-13
12:36:46 [autopublish.publisher] Source changed for 'Me realizing in real time that the non-sacral experience is fundamentally different from mine' — re-publishing
12:36:46 [autopublish.publisher] Title changed: 'Me realizing in real time that the non-sacral experience is fundamentally different from mine' → 'Realizing in real time that the non-sacral experience is fundamentally different from mine'
12:36:46 [autopublish.publisher] Saved /Users/esther/Documents/from the abysmal (site)/posts/2026-01-30-life-force.html
12:36:46 [autopublish.publisher] Rebuilt index.html and rss.xml
12:36:46 [autopublish.publisher] Saved /Users/esther/Documents/from the abysmal (site)/archive/2026-05.html
12:36:46 [autopublish.publisher] Saved /Users/esther/Documents/from the abysmal (site)/archive/2026-04.html
12:36:46 [autopublish.publisher] Saved /Users/esther/Documents/from the abysmal (site)/archive/2026-03.html
12:36:46 [autopublish.publisher] Saved /Users/esther/Documents/from the abysmal (site)/archive/2026-02.html
12:36:46 [autopublish.publisher] Saved /Users/esther/Documents/from the abysmal (site)/archive/2026-01.html
12:36:46 [paramiko.transport] Connected (version 2.0, client OpenSSH_8.4p1)
12:36:46 [paramiko.transport] Authentication (password) successful!
12:36:47 [paramiko.transport.sftp] [chan 0] Opened sftp connection (server version 3)
12:36:47 [autopublish.publisher] Uploaded /fromtheabysmal.net/posts/2026-01-30-life-force.html
12:36:47 [autopublish.publisher] Uploaded /fromtheabysmal.net/index.html
12:36:47 [autopublish.publisher] Uploaded /fromtheabysmal.net/rss.xml
12:36:47 [autopublish.publisher] Uploaded /fromtheabysmal.net/archive/2026-05.html
12:36:47 [autopublish.publisher] Uploaded /fromtheabysmal.net/archive/2026-04.html
12:36:47 [autopublish.publisher] Uploaded /fromtheabysmal.net/archive/2026-03.html
12:36:47 [autopublish.publisher] Uploaded /fromtheabysmal.net/archive/2026-02.html
12:36:47 [autopublish.publisher] Uploaded /fromtheabysmal.net/archive/2026-01.html
12:36:47 [paramiko.transport.sftp] [chan 0] sftp session closed.
12:36:47 [autopublish.publisher] SFTP upload complete (8 files)
12:36:49 [autopublish.notifier] Email sent to mutativedesign@gmail.com: "Realizing in real time that the non-sacral experience is fundamentally different from mine" updated
12:36:49 [autopublish.publisher] Re-published 'Realizing in real time that the non-sacral experience is fundamentally different from mine' as 2026-01-30-life-force with revision date 2026-05-13
16:29:38 [autopublish.veto] Veto deadline passed — publishing 'Forgetting how to do stuff is a convenient way to learn surrender'
16:29:38 [autopublish.veto] Source edited during veto window — publishing latest file version
16:29:38 [autopublish.publisher] Saved /Users/esther/Documents/from the abysmal (site)/posts/2026-05-13-forgetting-how-to-do-stuff-is-a-convenient-way-to-learn-surr.html
16:29:38 [autopublish.publisher] Rebuilt index.html and rss.xml
16:29:38 [autopublish.publisher] Saved /Users/esther/Documents/from the abysmal (site)/archive/2026-05.html
16:29:38 [autopublish.publisher] Saved /Users/esther/Documents/from the abysmal (site)/archive/2026-04.html
16:29:38 [autopublish.publisher] Saved /Users/esther/Documents/from the abysmal (site)/archive/2026-03.html
16:29:38 [autopublish.publisher] Saved /Users/esther/Documents/from the abysmal (site)/archive/2026-02.html
16:29:38 [autopublish.publisher] Saved /Users/esther/Documents/from the abysmal (site)/archive/2026-01.html
16:29:38 [paramiko.transport] Connected (version 2.0, client OpenSSH_8.4p1)
16:29:38 [paramiko.transport] Authentication (password) successful!
16:29:39 [paramiko.transport.sftp] [chan 0] Opened sftp connection (server version 3)
16:29:39 [autopublish.publisher] Uploaded /fromtheabysmal.net/posts/2026-05-13-forgetting-how-to-do-stuff-is-a-convenient-way-to-learn-surr.html
16:29:39 [autopublish.publisher] Uploaded /fromtheabysmal.net/index.html
16:29:39 [autopublish.publisher] Uploaded /fromtheabysmal.net/rss.xml
16:29:39 [autopublish.publisher] Uploaded /fromtheabysmal.net/archive/2026-05.html
16:29:39 [autopublish.publisher] Uploaded /fromtheabysmal.net/archive/2026-04.html
16:29:39 [autopublish.publisher] Uploaded /fromtheabysmal.net/archive/2026-03.html
16:29:39 [autopublish.publisher] Uploaded /fromtheabysmal.net/archive/2026-02.html
16:29:39 [autopublish.publisher] Uploaded /fromtheabysmal.net/archive/2026-01.html
16:29:39 [paramiko.transport.sftp] [chan 0] sftp session closed.
16:29:39 [autopublish.publisher] SFTP upload complete (8 files)
16:29:41 [autopublish.notifier] Email sent to mutativedesign@gmail.com: "Forgetting how to do stuff is a convenient way to learn surrender" is live
16:29:41 [autopublish.veto] Published: 2026-05-13-forgetting-how-to-do-stuff-is-a-convenient-way-to-learn-surr.html
21:03:54 [autopublish.publisher] Source changed for 'Forgetting how to do stuff is a convenient way to learn surrender' — re-publishing
21:03:54 [autopublish.publisher] Title changed: 'Forgetting how to do stuff is a convenient way to learn surrender' → 'Forgetting how to do some stuff is a convenient way to learn surrender'
21:03:54 [autopublish.publisher] Saved /Users/esther/Documents/from the abysmal (site)/posts/2026-05-13-forgetting-how-to-do-stuff-is-a-convenient-way-to-learn-surr.html
21:03:54 [autopublish.publisher] Rebuilt index.html and rss.xml
21:03:54 [autopublish.publisher] Saved /Users/esther/Documents/from the abysmal (site)/archive/2026-05.html
21:03:54 [autopublish.publisher] Saved /Users/esther/Documents/from the abysmal (site)/archive/2026-04.html
21:03:54 [autopublish.publisher] Saved /Users/esther/Documents/from the abysmal (site)/archive/2026-03.html
21:03:54 [autopublish.publisher] Saved /Users/esther/Documents/from the abysmal (site)/archive/2026-02.html
21:03:54 [autopublish.publisher] Saved /Users/esther/Documents/from the abysmal (site)/archive/2026-01.html
21:03:55 [paramiko.transport] Connected (version 2.0, client OpenSSH_8.4p1)
21:03:55 [paramiko.transport] Authentication (password) successful!
21:03:55 [paramiko.transport.sftp] [chan 0] Opened sftp connection (server version 3)
21:03:56 [autopublish.publisher] Uploaded /fromtheabysmal.net/posts/2026-05-13-forgetting-how-to-do-stuff-is-a-convenient-way-to-learn-surr.html
21:03:56 [autopublish.publisher] Uploaded /fromtheabysmal.net/index.html
21:03:56 [autopublish.publisher] Uploaded /fromtheabysmal.net/rss.xml
21:03:56 [autopublish.publisher] Uploaded /fromtheabysmal.net/archive/2026-05.html
21:03:56 [autopublish.publisher] Uploaded /fromtheabysmal.net/archive/2026-04.html
21:03:56 [autopublish.publisher] Uploaded /fromtheabysmal.net/archive/2026-03.html
21:03:56 [autopublish.publisher] Uploaded /fromtheabysmal.net/archive/2026-02.html
21:03:56 [autopublish.publisher] Uploaded /fromtheabysmal.net/archive/2026-01.html
21:03:56 [paramiko.transport.sftp] [chan 0] sftp session closed.
21:03:56 [autopublish.publisher] SFTP upload complete (8 files)
21:03:58 [autopublish.notifier] Email sent to mutativedesign@gmail.com: "Forgetting how to do some stuff is a convenient way to learn surrender" updated
21:03:58 [autopublish.publisher] Re-published 'Forgetting how to do some stuff is a convenient way to learn surrender' as 2026-05-13-forgetting-how-to-do-stuff-is-a-convenient-way-to-learn-surr with revision date 2026-05-13
16:31:16 [autopublish.publisher] Source changed for 'Thinking about writing about feeling fat' — re-publishing
16:31:16 [autopublish.publisher] Title changed: 'Thinking about writing about feeling fat' → 'Thinking about writing about feeling fat (and then writing about feeling fat)'
16:31:16 [autopublish.publisher] Saved /Users/esther/Documents/from the abysmal (site)/posts/2026-05-16-thinking-about-writing-about-feeling-fat.html
16:31:16 [autopublish.publisher] Rebuilt index.html and rss.xml
16:31:16 [autopublish.publisher] Saved /Users/esther/Documents/from the abysmal (site)/archive/2026-05.html
16:31:16 [autopublish.publisher] Saved /Users/esther/Documents/from the abysmal (site)/archive/2026-04.html
16:31:16 [autopublish.publisher] Saved /Users/esther/Documents/from the abysmal (site)/archive/2026-03.html
16:31:16 [autopublish.publisher] Saved /Users/esther/Documents/from the abysmal (site)/archive/2026-02.html
16:31:16 [autopublish.publisher] Saved /Users/esther/Documents/from the abysmal (site)/archive/2026-01.html
Traceback (most recent call last):
  File "/Library/Developer/CommandLineTools/Library/Frameworks/Python3.framework/Versions/3.9/lib/python3.9/runpy.py", line 197, in _run_module_as_main
    return _run_code(code, main_globals, None,
  File "/Library/Developer/CommandLineTools/Library/Frameworks/Python3.framework/Versions/3.9/lib/python3.9/runpy.py", line 87, in _run_code
    exec(code, run_globals)
  File "/Users/esther/Development/autopublish pipeline/autopublish/__main__.py", line 3, in <module>
    main()
  File "/Users/esther/Development/autopublish pipeline/autopublish/cli.py", line 172, in main
    commands[args.command](args)
  File "/Users/esther/Development/autopublish pipeline/autopublish/cli.py", line 107, in cmd_veto_check
    publisher.republish_if_changed(cfg, current_state)
  File "/Users/esther/Development/autopublish pipeline/autopublish/publisher.py", line 214, in republish_if_changed
    sftp_upload_files(cfg, site_path, [
  File "/Users/esther/Development/autopublish pipeline/autopublish/publisher.py", line 65, in sftp_upload_files
    transport = paramiko.Transport((host, port))
  File "/Users/esther/Development/autopublish pipeline/venv/lib/python3.9/site-packages/paramiko/transport.py", line 479, in __init__
    addrinfos = socket.getaddrinfo(
  File "/Library/Developer/CommandLineTools/Library/Frameworks/Python3.framework/Versions/3.9/lib/python3.9/socket.py", line 953, in getaddrinfo
    for res in _socket.getaddrinfo(host, port, family, type, proto, flags):
socket.gaierror: [Errno 8] nodename nor servname provided, or not known
17:01:17 [autopublish.publisher] Source changed for 'Thinking about writing about feeling fat' — re-publishing
17:01:17 [autopublish.publisher] Title changed: 'Thinking about writing about feeling fat' → 'Thinking about writing about feeling fat (and then writing about feeling fat)'
17:01:17 [autopublish.publisher] Saved /Users/esther/Documents/from the abysmal (site)/posts/2026-05-16-thinking-about-writing-about-feeling-fat.html
17:01:17 [autopublish.publisher] Rebuilt index.html and rss.xml
17:01:17 [autopublish.publisher] Saved /Users/esther/Documents/from the abysmal (site)/archive/2026-05.html
17:01:17 [autopublish.publisher] Saved /Users/esther/Documents/from the abysmal (site)/archive/2026-04.html
17:01:17 [autopublish.publisher] Saved /Users/esther/Documents/from the abysmal (site)/archive/2026-03.html
17:01:17 [autopublish.publisher] Saved /Users/esther/Documents/from the abysmal (site)/archive/2026-02.html
17:01:17 [autopublish.publisher] Saved /Users/esther/Documents/from the abysmal (site)/archive/2026-01.html
17:01:17 [paramiko.transport] Connected (version 2.0, client OpenSSH_8.4p1)
17:01:18 [paramiko.transport] Authentication (password) successful!
17:01:18 [paramiko.transport.sftp] [chan 0] Opened sftp connection (server version 3)
17:01:19 [autopublish.publisher] Uploaded /fromtheabysmal.net/posts/2026-05-16-thinking-about-writing-about-feeling-fat.html
17:01:19 [autopublish.publisher] Uploaded /fromtheabysmal.net/index.html
17:01:20 [autopublish.publisher] Uploaded /fromtheabysmal.net/rss.xml
17:01:20 [autopublish.publisher] Uploaded /fromtheabysmal.net/archive/2026-05.html
17:01:21 [autopublish.publisher] Uploaded /fromtheabysmal.net/archive/2026-04.html
17:01:21 [autopublish.publisher] Uploaded /fromtheabysmal.net/archive/2026-03.html
17:01:21 [autopublish.publisher] Uploaded /fromtheabysmal.net/archive/2026-02.html
17:01:22 [autopublish.publisher] Uploaded /fromtheabysmal.net/archive/2026-01.html
17:01:22 [paramiko.transport.sftp] [chan 0] sftp session closed.
17:01:22 [autopublish.publisher] SFTP upload complete (8 files)
17:01:24 [autopublish.notifier] Email sent to mutativedesign@gmail.com: "Thinking about writing about feeling fat (and then writing about feeling fat)" updated
17:01:24 [autopublish.publisher] Re-published 'Thinking about writing about feeling fat (and then writing about feeling fat)' as 2026-05-16-thinking-about-writing-about-feeling-fat with revision date 2026-05-16
21:32:13 [autopublish.publisher] Source changed for 'Thinking about writing about feeling fat (and then writing about feeling fat)' — re-publishing
21:32:13 [autopublish.publisher] Saved /Users/esther/Documents/from the abysmal (site)/posts/2026-05-16-thinking-about-writing-about-feeling-fat.html
21:32:13 [autopublish.publisher] Rebuilt index.html and rss.xml
21:32:13 [autopublish.publisher] Saved /Users/esther/Documents/from the abysmal (site)/archive/2026-05.html
21:32:13 [autopublish.publisher] Saved /Users/esther/Documents/from the abysmal (site)/archive/2026-04.html
21:32:13 [autopublish.publisher] Saved /Users/esther/Documents/from the abysmal (site)/archive/2026-03.html
21:32:13 [autopublish.publisher] Saved /Users/esther/Documents/from the abysmal (site)/archive/2026-02.html
21:32:13 [autopublish.publisher] Saved /Users/esther/Documents/from the abysmal (site)/archive/2026-01.html
21:32:14 [paramiko.transport] Connected (version 2.0, client OpenSSH_8.4p1)
21:32:14 [paramiko.transport] Authentication (password) successful!
21:32:14 [paramiko.transport.sftp] [chan 0] Opened sftp connection (server version 3)
21:32:14 [autopublish.publisher] Uploaded /fromtheabysmal.net/posts/2026-05-16-thinking-about-writing-about-feeling-fat.html
21:32:14 [autopublish.publisher] Uploaded /fromtheabysmal.net/index.html
21:32:15 [autopublish.publisher] Uploaded /fromtheabysmal.net/rss.xml
21:32:15 [autopublish.publisher] Uploaded /fromtheabysmal.net/archive/2026-05.html
21:32:15 [autopublish.publisher] Uploaded /fromtheabysmal.net/archive/2026-04.html
21:32:15 [autopublish.publisher] Uploaded /fromtheabysmal.net/archive/2026-03.html
21:32:15 [autopublish.publisher] Uploaded /fromtheabysmal.net/archive/2026-02.html
21:32:15 [autopublish.publisher] Uploaded /fromtheabysmal.net/archive/2026-01.html
21:32:15 [paramiko.transport.sftp] [chan 0] sftp session closed.
21:32:15 [autopublish.publisher] SFTP upload complete (8 files)
21:32:17 [autopublish.notifier] Email sent to mutativedesign@gmail.com: "Thinking about writing about feeling fat (and then writing about feeling fat)" updated
21:32:17 [autopublish.publisher] Re-published 'Thinking about writing about feeling fat (and then writing about feeling fat)' as 2026-05-16-thinking-about-writing-about-feeling-fat with revision date 2026-05-17
18:43:26 [autopublish.veto] Veto deadline passed — publishing 'Why is money always tight in May'
18:43:26 [autopublish.publisher] Saved /Users/esther/Documents/from the abysmal (site)/posts/2026-05-13-why-is-money-always-tight-in-may.html
18:43:26 [autopublish.publisher] Rebuilt index.html and rss.xml
18:43:26 [autopublish.publisher] Saved /Users/esther/Documents/from the abysmal (site)/archive/2026-05.html
18:43:26 [autopublish.publisher] Saved /Users/esther/Documents/from the abysmal (site)/archive/2026-04.html
18:43:26 [autopublish.publisher] Saved /Users/esther/Documents/from the abysmal (site)/archive/2026-03.html
18:43:26 [autopublish.publisher] Saved /Users/esther/Documents/from the abysmal (site)/archive/2026-02.html
18:43:26 [autopublish.publisher] Saved /Users/esther/Documents/from the abysmal (site)/archive/2026-01.html
18:43:26 [paramiko.transport] Connected (version 2.0, client OpenSSH_8.4p1)
18:43:26 [paramiko.transport] Authentication (password) successful!
18:43:27 [paramiko.transport.sftp] [chan 0] Opened sftp connection (server version 3)
18:43:27 [autopublish.publisher] Uploaded /fromtheabysmal.net/posts/2026-05-13-why-is-money-always-tight-in-may.html
18:43:27 [autopublish.publisher] Uploaded /fromtheabysmal.net/index.html
18:43:27 [autopublish.publisher] Uploaded /fromtheabysmal.net/rss.xml
18:43:27 [autopublish.publisher] Uploaded /fromtheabysmal.net/archive/2026-05.html
18:43:27 [autopublish.publisher] Uploaded /fromtheabysmal.net/archive/2026-04.html
18:43:27 [autopublish.publisher] Uploaded /fromtheabysmal.net/archive/2026-03.html
18:43:27 [autopublish.publisher] Uploaded /fromtheabysmal.net/archive/2026-02.html
18:43:28 [autopublish.publisher] Uploaded /fromtheabysmal.net/archive/2026-01.html
18:43:28 [paramiko.transport.sftp] [chan 0] sftp session closed.
18:43:28 [autopublish.publisher] SFTP upload complete (8 files)
18:43:29 [autopublish.notifier] Email sent to mutativedesign@gmail.com: "Why is money always tight in May" is live
18:43:29 [autopublish.veto] Published: 2026-05-13-why-is-money-always-tight-in-may.html
21:11:48 [autopublish.publisher] Source changed for 'Why is money always tight in May' — re-publishing
21:11:48 [autopublish.publisher] Saved /Users/esther/Documents/from the abysmal (site)/posts/2026-05-06-why-is-money-always-tight-in-may.html
21:11:48 [autopublish.publisher] Removed old post file 2026-05-13-why-is-money-always-tight-in-may.html
21:11:48 [autopublish.publisher] Rebuilt index.html and rss.xml
21:11:48 [autopublish.publisher] Saved /Users/esther/Documents/from the abysmal (site)/archive/2026-05.html
21:11:48 [autopublish.publisher] Saved /Users/esther/Documents/from the abysmal (site)/archive/2026-04.html
21:11:48 [autopublish.publisher] Saved /Users/esther/Documents/from the abysmal (site)/archive/2026-03.html
21:11:48 [autopublish.publisher] Saved /Users/esther/Documents/from the abysmal (site)/archive/2026-02.html
21:11:48 [autopublish.publisher] Saved /Users/esther/Documents/from the abysmal (site)/archive/2026-01.html
21:11:48 [paramiko.transport] Connected (version 2.0, client OpenSSH_8.4p1)
21:11:48 [paramiko.transport] Authentication (password) successful!
21:11:49 [paramiko.transport.sftp] [chan 0] Opened sftp connection (server version 3)
21:11:49 [autopublish.publisher] Uploaded /fromtheabysmal.net/posts/2026-05-06-why-is-money-always-tight-in-may.html
21:11:49 [autopublish.publisher] Uploaded /fromtheabysmal.net/index.html
21:11:49 [autopublish.publisher] Uploaded /fromtheabysmal.net/rss.xml
21:11:49 [autopublish.publisher] Uploaded /fromtheabysmal.net/archive/2026-05.html
21:11:49 [autopublish.publisher] Uploaded /fromtheabysmal.net/archive/2026-04.html
21:11:49 [autopublish.publisher] Uploaded /fromtheabysmal.net/archive/2026-03.html
21:11:49 [autopublish.publisher] Uploaded /fromtheabysmal.net/archive/2026-02.html
21:11:49 [autopublish.publisher] Uploaded /fromtheabysmal.net/archive/2026-01.html
21:11:49 [paramiko.transport.sftp] [chan 0] sftp session closed.
21:11:49 [autopublish.publisher] SFTP upload complete (8 files)
21:11:51 [autopublish.notifier] Email sent to mutativedesign@gmail.com: "Why is money always tight in May" updated
21:11:51 [autopublish.publisher] Re-published 'Why is money always tight in May' as 2026-05-06-why-is-money-always-tight-in-may with revision date 2026-05-18
11:14:21 [autopublish.publisher] Source changed for 'That Time Of Year' — re-publishing
11:14:21 [autopublish.publisher] Saved /Users/esther/Documents/from the abysmal (site)/posts/2026-04-29-that-time-of-year.html
11:14:21 [autopublish.publisher] Rebuilt index.html and rss.xml
11:14:21 [autopublish.publisher] Saved /Users/esther/Documents/from the abysmal (site)/archive/2026-05.html
11:14:21 [autopublish.publisher] Saved /Users/esther/Documents/from the abysmal (site)/archive/2026-04.html
11:14:21 [autopublish.publisher] Saved /Users/esther/Documents/from the abysmal (site)/archive/2026-03.html
11:14:21 [autopublish.publisher] Saved /Users/esther/Documents/from the abysmal (site)/archive/2026-02.html
11:14:21 [autopublish.publisher] Saved /Users/esther/Documents/from the abysmal (site)/archive/2026-01.html
11:14:21 [paramiko.transport] Connected (version 2.0, client OpenSSH_8.4p1)
11:14:21 [paramiko.transport] Authentication (password) successful!
11:14:22 [paramiko.transport.sftp] [chan 0] Opened sftp connection (server version 3)
11:14:22 [autopublish.publisher] Uploaded /fromtheabysmal.net/posts/2026-04-29-that-time-of-year.html
11:14:22 [autopublish.publisher] Uploaded /fromtheabysmal.net/index.html
11:14:22 [autopublish.publisher] Uploaded /fromtheabysmal.net/rss.xml
11:14:22 [autopublish.publisher] Uploaded /fromtheabysmal.net/archive/2026-05.html
11:14:22 [autopublish.publisher] Uploaded /fromtheabysmal.net/archive/2026-04.html
11:14:22 [autopublish.publisher] Uploaded /fromtheabysmal.net/archive/2026-03.html
11:14:22 [autopublish.publisher] Uploaded /fromtheabysmal.net/archive/2026-02.html
11:14:22 [autopublish.publisher] Uploaded /fromtheabysmal.net/archive/2026-01.html
11:14:22 [paramiko.transport.sftp] [chan 0] sftp session closed.
11:14:22 [autopublish.publisher] SFTP upload complete (8 files)
11:14:54 [autopublish.notifier] Email sent to mutativedesign@gmail.com: "That Time Of Year" updated
11:14:54 [autopublish.publisher] Re-published 'That Time Of Year' as 2026-04-29-that-time-of-year with revision date 2026-05-19
11:14:54 [autopublish.publisher] Source changed for 'Thinking about writing about feeling fat (and then writing about feeling fat)' — re-publishing
11:14:54 [autopublish.publisher] Saved /Users/esther/Documents/from the abysmal (site)/posts/2026-05-16-thinking-about-writing-about-feeling-fat.html
11:14:54 [autopublish.publisher] Rebuilt index.html and rss.xml
11:14:54 [autopublish.publisher] Saved /Users/esther/Documents/from the abysmal (site)/archive/2026-05.html
11:14:54 [autopublish.publisher] Saved /Users/esther/Documents/from the abysmal (site)/archive/2026-04.html
11:14:54 [autopublish.publisher] Saved /Users/esther/Documents/from the abysmal (site)/archive/2026-03.html
11:14:54 [autopublish.publisher] Saved /Users/esther/Documents/from the abysmal (site)/archive/2026-02.html
11:14:54 [autopublish.publisher] Saved /Users/esther/Documents/from the abysmal (site)/archive/2026-01.html
11:14:54 [paramiko.transport] Connected (version 2.0, client OpenSSH_8.4p1)
11:14:54 [paramiko.transport] Authentication (password) successful!
11:14:55 [paramiko.transport.sftp] [chan 0] Opened sftp connection (server version 3)
11:14:55 [autopublish.publisher] Uploaded /fromtheabysmal.net/posts/2026-05-16-thinking-about-writing-about-feeling-fat.html
11:14:55 [autopublish.publisher] Uploaded /fromtheabysmal.net/index.html
11:14:55 [autopublish.publisher] Uploaded /fromtheabysmal.net/rss.xml
11:14:55 [autopublish.publisher] Uploaded /fromtheabysmal.net/archive/2026-05.html
11:14:55 [autopublish.publisher] Uploaded /fromtheabysmal.net/archive/2026-04.html
11:14:55 [autopublish.publisher] Uploaded /fromtheabysmal.net/archive/2026-03.html
11:14:55 [autopublish.publisher] Uploaded /fromtheabysmal.net/archive/2026-02.html
11:14:55 [autopublish.publisher] Uploaded /fromtheabysmal.net/archive/2026-01.html
11:14:55 [paramiko.transport.sftp] [chan 0] sftp session closed.
11:14:55 [autopublish.publisher] SFTP upload complete (8 files)
11:15:26 [autopublish.notifier] Email sent to mutativedesign@gmail.com: "Thinking about writing about feeling fat (and then writing about feeling fat)" updated
11:15:27 [autopublish.publisher] Re-published 'Thinking about writing about feeling fat (and then writing about feeling fat)' as 2026-05-16-thinking-about-writing-about-feeling-fat with revision date 2026-05-19
11:15:27 [autopublish.publisher] Source changed for 'Why is money always tight in May' — re-publishing
11:15:27 [autopublish.publisher] Saved /Users/esther/Documents/from the abysmal (site)/posts/2026-05-06-why-is-money-always-tight-in-may.html
11:15:27 [autopublish.publisher] Rebuilt index.html and rss.xml
11:15:27 [autopublish.publisher] Saved /Users/esther/Documents/from the abysmal (site)/archive/2026-05.html
11:15:27 [autopublish.publisher] Saved /Users/esther/Documents/from the abysmal (site)/archive/2026-04.html
11:15:27 [autopublish.publisher] Saved /Users/esther/Documents/from the abysmal (site)/archive/2026-03.html
11:15:27 [autopublish.publisher] Saved /Users/esther/Documents/from the abysmal (site)/archive/2026-02.html
11:15:27 [autopublish.publisher] Saved /Users/esther/Documents/from the abysmal (site)/archive/2026-01.html
11:15:27 [paramiko.transport] Connected (version 2.0, client OpenSSH_8.4p1)
11:15:27 [paramiko.transport] Authentication (password) successful!
11:15:27 [paramiko.transport.sftp] [chan 0] Opened sftp connection (server version 3)
11:15:28 [autopublish.publisher] Uploaded /fromtheabysmal.net/posts/2026-05-06-why-is-money-always-tight-in-may.html
11:15:28 [autopublish.publisher] Uploaded /fromtheabysmal.net/index.html
11:15:28 [autopublish.publisher] Uploaded /fromtheabysmal.net/rss.xml
11:15:28 [autopublish.publisher] Uploaded /fromtheabysmal.net/archive/2026-05.html
11:15:28 [autopublish.publisher] Uploaded /fromtheabysmal.net/archive/2026-04.html
11:15:28 [autopublish.publisher] Uploaded /fromtheabysmal.net/archive/2026-03.html
11:15:28 [autopublish.publisher] Uploaded /fromtheabysmal.net/archive/2026-02.html
11:15:28 [autopublish.publisher] Uploaded /fromtheabysmal.net/archive/2026-01.html
11:15:28 [paramiko.transport.sftp] [chan 0] sftp session closed.
11:15:28 [autopublish.publisher] SFTP upload complete (8 files)
11:15:59 [autopublish.notifier] Email sent to mutativedesign@gmail.com: "Why is money always tight in May" updated
11:15:59 [autopublish.publisher] Re-published 'Why is money always tight in May' as 2026-05-06-why-is-money-always-tight-in-may with revision date 2026-05-19
11:46:00 [autopublish.publisher] Source changed for 'Why is money always tight in May' — re-publishing
11:46:00 [autopublish.publisher] Saved /Users/esther/Documents/from the abysmal (site)/posts/2026-05-06-why-is-money-always-tight-in-may.html
11:46:00 [autopublish.publisher] Rebuilt index.html and rss.xml
11:46:00 [autopublish.publisher] Saved /Users/esther/Documents/from the abysmal (site)/archive/2026-05.html
11:46:00 [autopublish.publisher] Saved /Users/esther/Documents/from the abysmal (site)/archive/2026-04.html
11:46:00 [autopublish.publisher] Saved /Users/esther/Documents/from the abysmal (site)/archive/2026-03.html
11:46:00 [autopublish.publisher] Saved /Users/esther/Documents/from the abysmal (site)/archive/2026-02.html
11:46:00 [autopublish.publisher] Saved /Users/esther/Documents/from the abysmal (site)/archive/2026-01.html
11:46:00 [paramiko.transport] Connected (version 2.0, client OpenSSH_8.4p1)
11:46:00 [paramiko.transport] Authentication (password) successful!
11:46:00 [paramiko.transport.sftp] [chan 0] Opened sftp connection (server version 3)
11:46:01 [autopublish.publisher] Uploaded /fromtheabysmal.net/posts/2026-05-06-why-is-money-always-tight-in-may.html
11:46:01 [autopublish.publisher] Uploaded /fromtheabysmal.net/index.html
11:46:01 [autopublish.publisher] Uploaded /fromtheabysmal.net/rss.xml
11:46:01 [autopublish.publisher] Uploaded /fromtheabysmal.net/archive/2026-05.html
11:46:01 [autopublish.publisher] Uploaded /fromtheabysmal.net/archive/2026-04.html
11:46:01 [autopublish.publisher] Uploaded /fromtheabysmal.net/archive/2026-03.html
11:46:01 [autopublish.publisher] Uploaded /fromtheabysmal.net/archive/2026-02.html
11:46:01 [autopublish.publisher] Uploaded /fromtheabysmal.net/archive/2026-01.html
11:46:01 [paramiko.transport.sftp] [chan 0] sftp session closed.
11:46:01 [autopublish.publisher] SFTP upload complete (8 files)
11:46:32 [autopublish.notifier] Email sent to mutativedesign@gmail.com: "Why is money always tight in May" updated
11:46:33 [autopublish.publisher] Re-published 'Why is money always tight in May' as 2026-05-06-why-is-money-always-tight-in-may with revision date 2026-05-19
15:16:36 [autopublish.publisher] Source changed for 'Why is money always tight in May' — re-publishing
15:16:36 [autopublish.publisher] Saved /Users/esther/Documents/from the abysmal (site)/posts/2026-05-06-why-is-money-always-tight-in-may.html
15:16:36 [autopublish.publisher] Rebuilt index.html and rss.xml
15:16:36 [autopublish.publisher] Saved /Users/esther/Documents/from the abysmal (site)/archive/2026-05.html
15:16:36 [autopublish.publisher] Saved /Users/esther/Documents/from the abysmal (site)/archive/2026-04.html
15:16:36 [autopublish.publisher] Saved /Users/esther/Documents/from the abysmal (site)/archive/2026-03.html
15:16:36 [autopublish.publisher] Saved /Users/esther/Documents/from the abysmal (site)/archive/2026-02.html
15:16:36 [autopublish.publisher] Saved /Users/esther/Documents/from the abysmal (site)/archive/2026-01.html
15:16:39 [paramiko.transport] Connected (version 2.0, client OpenSSH_8.4p1)
15:16:39 [paramiko.transport] Authentication (password) successful!
15:16:39 [paramiko.transport.sftp] [chan 0] Opened sftp connection (server version 3)
15:16:40 [autopublish.publisher] Uploaded /fromtheabysmal.net/posts/2026-05-06-why-is-money-always-tight-in-may.html
15:16:40 [autopublish.publisher] Uploaded /fromtheabysmal.net/index.html
15:16:40 [autopublish.publisher] Uploaded /fromtheabysmal.net/rss.xml
15:16:40 [autopublish.publisher] Uploaded /fromtheabysmal.net/archive/2026-05.html
15:16:40 [autopublish.publisher] Uploaded /fromtheabysmal.net/archive/2026-04.html
15:16:40 [autopublish.publisher] Uploaded /fromtheabysmal.net/archive/2026-03.html
15:16:40 [autopublish.publisher] Uploaded /fromtheabysmal.net/archive/2026-02.html
15:16:40 [autopublish.publisher] Uploaded /fromtheabysmal.net/archive/2026-01.html
15:16:40 [paramiko.transport.sftp] [chan 0] sftp session closed.
15:16:40 [autopublish.publisher] SFTP upload complete (8 files)
15:17:12 [autopublish.notifier] Email sent to mutativedesign@gmail.com: "Why is money always tight in May" updated
15:17:12 [autopublish.publisher] Re-published 'Why is money always tight in May' as 2026-05-06-why-is-money-always-tight-in-may with revision date 2026-05-19
15:47:12 [autopublish.publisher] Source changed for 'Why is money always tight in May' — re-publishing
15:47:12 [autopublish.publisher] Saved /Users/esther/Documents/from the abysmal (site)/posts/2026-05-06-why-is-money-always-tight-in-may.html
15:47:12 [autopublish.publisher] Rebuilt index.html and rss.xml
15:47:12 [autopublish.publisher] Saved /Users/esther/Documents/from the abysmal (site)/archive/2026-05.html
15:47:12 [autopublish.publisher] Saved /Users/esther/Documents/from the abysmal (site)/archive/2026-04.html
15:47:12 [autopublish.publisher] Saved /Users/esther/Documents/from the abysmal (site)/archive/2026-03.html
15:47:12 [autopublish.publisher] Saved /Users/esther/Documents/from the abysmal (site)/archive/2026-02.html
15:47:12 [autopublish.publisher] Saved /Users/esther/Documents/from the abysmal (site)/archive/2026-01.html
15:47:12 [paramiko.transport] Connected (version 2.0, client OpenSSH_8.4p1)
15:47:13 [paramiko.transport] Authentication (password) successful!
15:47:13 [paramiko.transport.sftp] [chan 0] Opened sftp connection (server version 3)
15:47:13 [autopublish.publisher] Uploaded /fromtheabysmal.net/posts/2026-05-06-why-is-money-always-tight-in-may.html
15:47:13 [autopublish.publisher] Uploaded /fromtheabysmal.net/index.html
15:47:14 [autopublish.publisher] Uploaded /fromtheabysmal.net/rss.xml
15:47:14 [autopublish.publisher] Uploaded /fromtheabysmal.net/archive/2026-05.html
15:47:14 [autopublish.publisher] Uploaded /fromtheabysmal.net/archive/2026-04.html
15:47:14 [autopublish.publisher] Uploaded /fromtheabysmal.net/archive/2026-03.html
15:47:14 [autopublish.publisher] Uploaded /fromtheabysmal.net/archive/2026-02.html
15:47:14 [autopublish.publisher] Uploaded /fromtheabysmal.net/archive/2026-01.html
15:47:14 [paramiko.transport.sftp] [chan 0] sftp session closed.
15:47:14 [autopublish.publisher] SFTP upload complete (8 files)
15:47:15 [autopublish.notifier] Email sent to mutativedesign@gmail.com: "Why is money always tight in May" updated
15:47:16 [autopublish.publisher] Re-published 'Why is money always tight in May' as 2026-05-06-why-is-money-always-tight-in-may with revision date 2026-05-19
16:17:16 [autopublish.publisher] Source changed for 'Some Observations (On Writing About Writing)' — re-publishing
16:17:16 [autopublish.publisher] Saved /Users/esther/Documents/from the abysmal (site)/posts/2026-05-01-some-observations.html
16:17:16 [autopublish.publisher] Rebuilt index.html and rss.xml
16:17:16 [autopublish.publisher] Saved /Users/esther/Documents/from the abysmal (site)/archive/2026-05.html
16:17:16 [autopublish.publisher] Saved /Users/esther/Documents/from the abysmal (site)/archive/2026-04.html
16:17:16 [autopublish.publisher] Saved /Users/esther/Documents/from the abysmal (site)/archive/2026-03.html
16:17:16 [autopublish.publisher] Saved /Users/esther/Documents/from the abysmal (site)/archive/2026-02.html
16:17:16 [autopublish.publisher] Saved /Users/esther/Documents/from the abysmal (site)/archive/2026-01.html
16:17:16 [paramiko.transport] Connected (version 2.0, client OpenSSH_8.4p1)
16:17:16 [paramiko.transport] Authentication (password) successful!
16:17:17 [paramiko.transport.sftp] [chan 0] Opened sftp connection (server version 3)
16:17:17 [autopublish.publisher] Uploaded /fromtheabysmal.net/posts/2026-05-01-some-observations.html
16:17:17 [autopublish.publisher] Uploaded /fromtheabysmal.net/index.html
16:17:17 [autopublish.publisher] Uploaded /fromtheabysmal.net/rss.xml
16:17:17 [autopublish.publisher] Uploaded /fromtheabysmal.net/archive/2026-05.html
16:17:18 [autopublish.publisher] Uploaded /fromtheabysmal.net/archive/2026-04.html
16:17:18 [autopublish.publisher] Uploaded /fromtheabysmal.net/archive/2026-03.html
16:17:18 [autopublish.publisher] Uploaded /fromtheabysmal.net/archive/2026-02.html
16:17:18 [autopublish.publisher] Uploaded /fromtheabysmal.net/archive/2026-01.html
16:17:18 [paramiko.transport.sftp] [chan 0] sftp session closed.
16:17:18 [autopublish.publisher] SFTP upload complete (8 files)
16:17:19 [autopublish.notifier] Email sent to mutativedesign@gmail.com: "Some Observations (On Writing About Writing)" updated
16:17:19 [autopublish.publisher] Re-published 'Some Observations (On Writing About Writing)' as 2026-05-01-some-observations with revision date 2026-05-19
17:17:20 [autopublish.publisher] Source changed for 'Some Observations (On Writing About Writing)' — re-publishing
17:17:20 [autopublish.publisher] Saved /Users/esther/Documents/from the abysmal (site)/posts/2026-05-01-some-observations.html
17:17:20 [autopublish.publisher] Rebuilt index.html and rss.xml
17:17:20 [autopublish.publisher] Saved /Users/esther/Documents/from the abysmal (site)/archive/2026-05.html
17:17:20 [autopublish.publisher] Saved /Users/esther/Documents/from the abysmal (site)/archive/2026-04.html
17:17:20 [autopublish.publisher] Saved /Users/esther/Documents/from the abysmal (site)/archive/2026-03.html
17:17:20 [autopublish.publisher] Saved /Users/esther/Documents/from the abysmal (site)/archive/2026-02.html
17:17:20 [autopublish.publisher] Saved /Users/esther/Documents/from the abysmal (site)/archive/2026-01.html
17:17:20 [paramiko.transport] Connected (version 2.0, client OpenSSH_8.4p1)
17:17:21 [paramiko.transport] Authentication (password) successful!
17:17:21 [paramiko.transport.sftp] [chan 0] Opened sftp connection (server version 3)
17:17:21 [autopublish.publisher] Uploaded /fromtheabysmal.net/posts/2026-05-01-some-observations.html
17:17:21 [autopublish.publisher] Uploaded /fromtheabysmal.net/index.html
17:17:21 [autopublish.publisher] Uploaded /fromtheabysmal.net/rss.xml
17:17:21 [autopublish.publisher] Uploaded /fromtheabysmal.net/archive/2026-05.html
17:17:22 [autopublish.publisher] Uploaded /fromtheabysmal.net/archive/2026-04.html
17:17:22 [autopublish.publisher] Uploaded /fromtheabysmal.net/archive/2026-03.html
17:17:22 [autopublish.publisher] Uploaded /fromtheabysmal.net/archive/2026-02.html
17:17:22 [autopublish.publisher] Uploaded /fromtheabysmal.net/archive/2026-01.html
17:17:22 [paramiko.transport.sftp] [chan 0] sftp session closed.
17:17:22 [autopublish.publisher] SFTP upload complete (8 files)
17:17:23 [autopublish.notifier] Email sent to mutativedesign@gmail.com: "Some Observations (On Writing About Writing)" updated
17:17:24 [autopublish.publisher] Re-published 'Some Observations (On Writing About Writing)' as 2026-05-01-some-observations with revision date 2026-05-19
17:17:24 [autopublish.publisher] Source changed for 'Processing my feelings on maybe, maybe not, winning an essay competition' — re-publishing
17:17:24 [autopublish.publisher] Saved /Users/esther/Documents/from the abysmal (site)/posts/2026-03-02-processing-my-feelings-on-maybe-maybe-not-winning-an-essay-c.html
17:17:24 [autopublish.publisher] Rebuilt index.html and rss.xml
17:17:24 [autopublish.publisher] Saved /Users/esther/Documents/from the abysmal (site)/archive/2026-05.html
17:17:24 [autopublish.publisher] Saved /Users/esther/Documents/from the abysmal (site)/archive/2026-04.html
17:17:24 [autopublish.publisher] Saved /Users/esther/Documents/from the abysmal (site)/archive/2026-03.html
17:17:24 [autopublish.publisher] Saved /Users/esther/Documents/from the abysmal (site)/archive/2026-02.html
17:17:24 [autopublish.publisher] Saved /Users/esther/Documents/from the abysmal (site)/archive/2026-01.html
17:17:24 [paramiko.transport] Connected (version 2.0, client OpenSSH_8.4p1)
17:17:24 [paramiko.transport] Authentication (password) successful!
17:17:24 [paramiko.transport.sftp] [chan 0] Opened sftp connection (server version 3)
17:17:24 [autopublish.publisher] Uploaded /fromtheabysmal.net/posts/2026-03-02-processing-my-feelings-on-maybe-maybe-not-winning-an-essay-c.html
17:17:25 [autopublish.publisher] Uploaded /fromtheabysmal.net/index.html
17:17:25 [autopublish.publisher] Uploaded /fromtheabysmal.net/rss.xml
17:17:25 [autopublish.publisher] Uploaded /fromtheabysmal.net/archive/2026-05.html
17:17:25 [autopublish.publisher] Uploaded /fromtheabysmal.net/archive/2026-04.html
17:17:25 [autopublish.publisher] Uploaded /fromtheabysmal.net/archive/2026-03.html
17:17:25 [autopublish.publisher] Uploaded /fromtheabysmal.net/archive/2026-02.html
17:17:25 [autopublish.publisher] Uploaded /fromtheabysmal.net/archive/2026-01.html
17:17:25 [paramiko.transport.sftp] [chan 0] sftp session closed.
17:17:25 [autopublish.publisher] SFTP upload complete (8 files)
17:17:26 [autopublish.notifier] Email sent to mutativedesign@gmail.com: "Processing my feelings on maybe, maybe not, winning an essay competition" updated
17:17:26 [autopublish.publisher] Re-published 'Processing my feelings on maybe, maybe not, winning an essay competition' as 2026-03-02-processing-my-feelings-on-maybe-maybe-not-winning-an-essay-c with revision date 2026-05-19
17:03:56 [autopublish.veto] Veto deadline passed — publishing 'My Morning Routine As Someone Who Is Unemployed For A Living'
17:03:56 [autopublish.veto] Source edited during veto window — publishing latest file version
17:03:56 [autopublish.publisher] Saved /Users/esther/Documents/from the abysmal (site)/posts/2026-05-20-my-morning-routine-as-someone-who-is-unemployed-for-a-living.html
17:03:56 [autopublish.publisher] Rebuilt index.html and rss.xml
17:03:56 [autopublish.publisher] Saved /Users/esther/Documents/from the abysmal (site)/archive/2026-05.html
17:03:56 [autopublish.publisher] Saved /Users/esther/Documents/from the abysmal (site)/archive/2026-04.html
17:03:56 [autopublish.publisher] Saved /Users/esther/Documents/from the abysmal (site)/archive/2026-03.html
17:03:56 [autopublish.publisher] Saved /Users/esther/Documents/from the abysmal (site)/archive/2026-02.html
17:03:56 [autopublish.publisher] Saved /Users/esther/Documents/from the abysmal (site)/archive/2026-01.html
17:03:56 [paramiko.transport] Connected (version 2.0, client OpenSSH_8.4p1)
17:03:56 [paramiko.transport] Authentication (password) successful!
17:03:57 [paramiko.transport.sftp] [chan 0] Opened sftp connection (server version 3)
17:03:57 [autopublish.publisher] Uploaded /fromtheabysmal.net/posts/2026-05-20-my-morning-routine-as-someone-who-is-unemployed-for-a-living.html
17:03:57 [autopublish.publisher] Uploaded /fromtheabysmal.net/index.html
17:03:57 [autopublish.publisher] Uploaded /fromtheabysmal.net/rss.xml
17:03:57 [autopublish.publisher] Uploaded /fromtheabysmal.net/archive/2026-05.html
17:03:58 [autopublish.publisher] Uploaded /fromtheabysmal.net/archive/2026-04.html
17:03:58 [autopublish.publisher] Uploaded /fromtheabysmal.net/archive/2026-03.html
17:03:58 [autopublish.publisher] Uploaded /fromtheabysmal.net/archive/2026-02.html
17:03:58 [autopublish.publisher] Uploaded /fromtheabysmal.net/archive/2026-01.html
17:03:58 [paramiko.transport.sftp] [chan 0] sftp session closed.
17:03:58 [autopublish.publisher] SFTP upload complete (8 files)
17:04:00 [autopublish.notifier] Email sent to mutativedesign@gmail.com: "My Morning Routine As Someone Who Is Unemployed For A Living" is live
17:04:01 [autopublish.veto] Published: 2026-05-20-my-morning-routine-as-someone-who-is-unemployed-for-a-living.html
17:34:01 [autopublish.publisher] Source changed for 'My Morning Routine As Someone Who Is Unemployed For A Living' — re-publishing
17:34:01 [autopublish.publisher] Saved /Users/esther/Documents/from the abysmal (site)/posts/2026-05-20-my-morning-routine-as-someone-who-is-unemployed-for-a-living.html
17:34:01 [autopublish.publisher] Rebuilt index.html and rss.xml
17:34:01 [autopublish.publisher] Saved /Users/esther/Documents/from the abysmal (site)/archive/2026-05.html
17:34:01 [autopublish.publisher] Saved /Users/esther/Documents/from the abysmal (site)/archive/2026-04.html
17:34:01 [autopublish.publisher] Saved /Users/esther/Documents/from the abysmal (site)/archive/2026-03.html
17:34:01 [autopublish.publisher] Saved /Users/esther/Documents/from the abysmal (site)/archive/2026-02.html
17:34:01 [autopublish.publisher] Saved /Users/esther/Documents/from the abysmal (site)/archive/2026-01.html
17:34:01 [paramiko.transport] Connected (version 2.0, client OpenSSH_8.4p1)
17:34:02 [paramiko.transport] Authentication (password) successful!
17:34:02 [paramiko.transport.sftp] [chan 0] Opened sftp connection (server version 3)
17:34:02 [autopublish.publisher] Uploaded /fromtheabysmal.net/posts/2026-05-20-my-morning-routine-as-someone-who-is-unemployed-for-a-living.html
17:34:02 [autopublish.publisher] Uploaded /fromtheabysmal.net/index.html
17:34:02 [autopublish.publisher] Uploaded /fromtheabysmal.net/rss.xml
17:34:03 [autopublish.publisher] Uploaded /fromtheabysmal.net/archive/2026-05.html
17:34:03 [autopublish.publisher] Uploaded /fromtheabysmal.net/archive/2026-04.html
17:34:03 [autopublish.publisher] Uploaded /fromtheabysmal.net/archive/2026-03.html
17:34:03 [autopublish.publisher] Uploaded /fromtheabysmal.net/archive/2026-02.html
17:34:03 [autopublish.publisher] Uploaded /fromtheabysmal.net/archive/2026-01.html
17:34:03 [paramiko.transport.sftp] [chan 0] sftp session closed.
17:34:03 [autopublish.publisher] SFTP upload complete (8 files)
17:34:05 [autopublish.notifier] Email sent to mutativedesign@gmail.com: "My Morning Routine As Someone Who Is Unemployed For A Living" updated
17:34:05 [autopublish.publisher] Re-published 'My Morning Routine As Someone Who Is Unemployed For A Living' as 2026-05-20-my-morning-routine-as-someone-who-is-unemployed-for-a-living with revision date 2026-05-20
18:04:32 [autopublish.publisher] Source changed for 'My Morning Routine As Someone Who Is Unemployed For A Living' — re-publishing
18:04:32 [autopublish.publisher] Saved /Users/esther/Documents/from the abysmal (site)/posts/2026-05-20-my-morning-routine-as-someone-who-is-unemployed-for-a-living.html
18:04:32 [autopublish.publisher] Rebuilt index.html and rss.xml
18:04:32 [autopublish.publisher] Saved /Users/esther/Documents/from the abysmal (site)/archive/2026-05.html
18:04:32 [autopublish.publisher] Saved /Users/esther/Documents/from the abysmal (site)/archive/2026-04.html
18:04:32 [autopublish.publisher] Saved /Users/esther/Documents/from the abysmal (site)/archive/2026-03.html
18:04:32 [autopublish.publisher] Saved /Users/esther/Documents/from the abysmal (site)/archive/2026-02.html
18:04:32 [autopublish.publisher] Saved /Users/esther/Documents/from the abysmal (site)/archive/2026-01.html
18:04:32 [paramiko.transport] Connected (version 2.0, client OpenSSH_8.4p1)
18:04:32 [paramiko.transport] Authentication (password) successful!
18:04:33 [paramiko.transport.sftp] [chan 0] Opened sftp connection (server version 3)
18:04:33 [autopublish.publisher] Uploaded /fromtheabysmal.net/posts/2026-05-20-my-morning-routine-as-someone-who-is-unemployed-for-a-living.html
18:04:33 [autopublish.publisher] Uploaded /fromtheabysmal.net/index.html
18:04:33 [autopublish.publisher] Uploaded /fromtheabysmal.net/rss.xml
18:04:34 [autopublish.publisher] Uploaded /fromtheabysmal.net/archive/2026-05.html
18:04:34 [autopublish.publisher] Uploaded /fromtheabysmal.net/archive/2026-04.html
18:04:34 [autopublish.publisher] Uploaded /fromtheabysmal.net/archive/2026-03.html
18:04:34 [autopublish.publisher] Uploaded /fromtheabysmal.net/archive/2026-02.html
18:04:34 [autopublish.publisher] Uploaded /fromtheabysmal.net/archive/2026-01.html
18:04:34 [paramiko.transport.sftp] [chan 0] sftp session closed.
18:04:34 [autopublish.publisher] SFTP upload complete (8 files)
18:04:35 [autopublish.notifier] Email sent to mutativedesign@gmail.com: "My Morning Routine As Someone Who Is Unemployed For A Living" updated
18:04:35 [autopublish.publisher] Re-published 'My Morning Routine As Someone Who Is Unemployed For A Living' as 2026-05-20-my-morning-routine-as-someone-who-is-unemployed-for-a-living with revision date 2026-05-20
21:11:57 [autopublish.publisher] Source changed for 'My Morning Routine As Someone Who Is Unemployed For A Living' — re-publishing
21:11:57 [autopublish.publisher] Saved /Users/esther/Documents/from the abysmal (site)/posts/2026-05-20-my-morning-routine-as-someone-who-is-unemployed-for-a-living.html
21:11:57 [autopublish.publisher] Rebuilt index.html and rss.xml
21:11:57 [autopublish.publisher] Saved /Users/esther/Documents/from the abysmal (site)/archive/2026-05.html
21:11:57 [autopublish.publisher] Saved /Users/esther/Documents/from the abysmal (site)/archive/2026-04.html
21:11:57 [autopublish.publisher] Saved /Users/esther/Documents/from the abysmal (site)/archive/2026-03.html
21:11:57 [autopublish.publisher] Saved /Users/esther/Documents/from the abysmal (site)/archive/2026-02.html
21:11:57 [autopublish.publisher] Saved /Users/esther/Documents/from the abysmal (site)/archive/2026-01.html
21:11:57 [paramiko.transport] Connected (version 2.0, client OpenSSH_8.4p1)
21:11:58 [paramiko.transport] Authentication (password) successful!
21:11:58 [paramiko.transport.sftp] [chan 0] Opened sftp connection (server version 3)
21:11:58 [autopublish.publisher] Uploaded /fromtheabysmal.net/posts/2026-05-20-my-morning-routine-as-someone-who-is-unemployed-for-a-living.html
21:11:58 [autopublish.publisher] Uploaded /fromtheabysmal.net/index.html
21:11:58 [autopublish.publisher] Uploaded /fromtheabysmal.net/rss.xml
21:11:59 [autopublish.publisher] Uploaded /fromtheabysmal.net/archive/2026-05.html
21:11:59 [autopublish.publisher] Uploaded /fromtheabysmal.net/archive/2026-04.html
21:11:59 [autopublish.publisher] Uploaded /fromtheabysmal.net/archive/2026-03.html
21:11:59 [autopublish.publisher] Uploaded /fromtheabysmal.net/archive/2026-02.html
21:11:59 [autopublish.publisher] Uploaded /fromtheabysmal.net/archive/2026-01.html
21:11:59 [paramiko.transport.sftp] [chan 0] sftp session closed.
21:11:59 [autopublish.publisher] SFTP upload complete (8 files)
21:12:00 [autopublish.notifier] Email sent to mutativedesign@gmail.com: "My Morning Routine As Someone Who Is Unemployed For A Living" updated
21:12:00 [autopublish.publisher] Re-published 'My Morning Routine As Someone Who Is Unemployed For A Living' as 2026-05-20-my-morning-routine-as-someone-who-is-unemployed-for-a-living with revision date 2026-05-20
08:00:58 [autopublish.publisher] Source changed for 'My Morning Routine As Someone Who Is Unemployed For A Living' — re-publishing
08:00:58 [autopublish.publisher] Saved /Users/esther/Documents/from the abysmal (site)/posts/2026-05-20-my-morning-routine-as-someone-who-is-unemployed-for-a-living.html
08:00:58 [autopublish.publisher] Rebuilt index.html and rss.xml
08:00:58 [autopublish.publisher] Saved /Users/esther/Documents/from the abysmal (site)/archive/2026-05.html
08:00:58 [autopublish.publisher] Saved /Users/esther/Documents/from the abysmal (site)/archive/2026-04.html
08:00:58 [autopublish.publisher] Saved /Users/esther/Documents/from the abysmal (site)/archive/2026-03.html
08:00:58 [autopublish.publisher] Saved /Users/esther/Documents/from the abysmal (site)/archive/2026-02.html
08:00:58 [autopublish.publisher] Saved /Users/esther/Documents/from the abysmal (site)/archive/2026-01.html
08:00:58 [paramiko.transport] Connected (version 2.0, client OpenSSH_8.4p1)
08:00:59 [paramiko.transport] Authentication (password) successful!
08:00:59 [paramiko.transport.sftp] [chan 0] Opened sftp connection (server version 3)
08:00:59 [autopublish.publisher] Uploaded /fromtheabysmal.net/posts/2026-05-20-my-morning-routine-as-someone-who-is-unemployed-for-a-living.html
08:00:59 [autopublish.publisher] Uploaded /fromtheabysmal.net/index.html
08:01:00 [autopublish.publisher] Uploaded /fromtheabysmal.net/rss.xml
08:01:00 [autopublish.publisher] Uploaded /fromtheabysmal.net/archive/2026-05.html
08:01:00 [autopublish.publisher] Uploaded /fromtheabysmal.net/archive/2026-04.html
08:01:00 [autopublish.publisher] Uploaded /fromtheabysmal.net/archive/2026-03.html
08:01:00 [autopublish.publisher] Uploaded /fromtheabysmal.net/archive/2026-02.html
08:01:00 [autopublish.publisher] Uploaded /fromtheabysmal.net/archive/2026-01.html
08:01:00 [paramiko.transport.sftp] [chan 0] sftp session closed.
08:01:00 [autopublish.publisher] SFTP upload complete (8 files)
08:01:02 [autopublish.notifier] Email sent to mutativedesign@gmail.com: "My Morning Routine As Someone Who Is Unemployed For A Living" updated
08:01:02 [autopublish.publisher] Re-published 'My Morning Routine As Someone Who Is Unemployed For A Living' as 2026-05-20-my-morning-routine-as-someone-who-is-unemployed-for-a-living with revision date 2026-05-21
12:48:47 [autopublish.publisher] Source changed for 'My Morning Routine As Someone Who Is Unemployed For A Living' — re-publishing
12:48:47 [autopublish.publisher] Title changed: 'My Morning Routine As Someone Who Is Unemployed For A Living' → 'My Morning Routine'
12:48:47 [autopublish.publisher] Saved /Users/esther/Documents/from the abysmal (site)/posts/2026-05-21-my-morning-routine-as-someone-who-is-unemployed-for-a-living.html
12:48:47 [autopublish.publisher] Removed old post file 2026-05-20-my-morning-routine-as-someone-who-is-unemployed-for-a-living.html
12:48:47 [autopublish.publisher] Rebuilt index.html and rss.xml
12:48:47 [autopublish.publisher] Saved /Users/esther/Documents/from the abysmal (site)/archive/2026-05.html
12:48:47 [autopublish.publisher] Saved /Users/esther/Documents/from the abysmal (site)/archive/2026-04.html
12:48:47 [autopublish.publisher] Saved /Users/esther/Documents/from the abysmal (site)/archive/2026-03.html
12:48:47 [autopublish.publisher] Saved /Users/esther/Documents/from the abysmal (site)/archive/2026-02.html
12:48:47 [autopublish.publisher] Saved /Users/esther/Documents/from the abysmal (site)/archive/2026-01.html
12:48:47 [paramiko.transport] Connected (version 2.0, client OpenSSH_8.4p1)
12:48:47 [paramiko.transport] Authentication (password) successful!
12:48:48 [paramiko.transport.sftp] [chan 0] Opened sftp connection (server version 3)
12:48:48 [autopublish.publisher] Uploaded /fromtheabysmal.net/posts/2026-05-21-my-morning-routine-as-someone-who-is-unemployed-for-a-living.html
12:48:48 [autopublish.publisher] Uploaded /fromtheabysmal.net/index.html
12:48:48 [autopublish.publisher] Uploaded /fromtheabysmal.net/rss.xml
12:48:48 [autopublish.publisher] Uploaded /fromtheabysmal.net/archive/2026-05.html
12:48:49 [autopublish.publisher] Uploaded /fromtheabysmal.net/archive/2026-04.html
12:48:49 [autopublish.publisher] Uploaded /fromtheabysmal.net/archive/2026-03.html
12:48:49 [autopublish.publisher] Uploaded /fromtheabysmal.net/archive/2026-02.html
12:48:49 [autopublish.publisher] Uploaded /fromtheabysmal.net/archive/2026-01.html
12:48:49 [paramiko.transport.sftp] [chan 0] sftp session closed.
12:48:49 [autopublish.publisher] SFTP upload complete (8 files)
12:48:50 [autopublish.notifier] Email sent to mutativedesign@gmail.com: "My Morning Routine" updated
12:48:50 [autopublish.publisher] Re-published 'My Morning Routine' as 2026-05-21-my-morning-routine-as-someone-who-is-unemployed-for-a-living with revision date 2026-05-21
15:28:04 [autopublish.publisher] Source changed for 'My Morning Routine' — re-publishing
15:28:04 [autopublish.publisher] Saved /Users/esther/Documents/from the abysmal (site)/posts/2026-05-21-my-morning-routine-as-someone-who-is-unemployed-for-a-living.html
15:28:04 [autopublish.publisher] Rebuilt index.html and rss.xml
15:28:04 [autopublish.publisher] Saved /Users/esther/Documents/from the abysmal (site)/archive/2026-05.html
15:28:04 [autopublish.publisher] Saved /Users/esther/Documents/from the abysmal (site)/archive/2026-04.html
15:28:04 [autopublish.publisher] Saved /Users/esther/Documents/from the abysmal (site)/archive/2026-03.html
15:28:04 [autopublish.publisher] Saved /Users/esther/Documents/from the abysmal (site)/archive/2026-02.html
15:28:04 [autopublish.publisher] Saved /Users/esther/Documents/from the abysmal (site)/archive/2026-01.html
15:28:04 [paramiko.transport] Connected (version 2.0, client OpenSSH_8.4p1)
15:28:04 [paramiko.transport] Authentication (password) successful!
15:28:05 [paramiko.transport.sftp] [chan 0] Opened sftp connection (server version 3)
15:28:05 [autopublish.publisher] Uploaded /fromtheabysmal.net/posts/2026-05-21-my-morning-routine-as-someone-who-is-unemployed-for-a-living.html
15:28:05 [autopublish.publisher] Uploaded /fromtheabysmal.net/index.html
15:28:05 [autopublish.publisher] Uploaded /fromtheabysmal.net/rss.xml
15:28:05 [autopublish.publisher] Uploaded /fromtheabysmal.net/archive/2026-05.html
15:28:06 [autopublish.publisher] Uploaded /fromtheabysmal.net/archive/2026-04.html
15:28:06 [autopublish.publisher] Uploaded /fromtheabysmal.net/archive/2026-03.html
15:28:06 [autopublish.publisher] Uploaded /fromtheabysmal.net/archive/2026-02.html
15:28:06 [autopublish.publisher] Uploaded /fromtheabysmal.net/archive/2026-01.html
15:28:06 [paramiko.transport.sftp] [chan 0] sftp session closed.
15:28:06 [autopublish.publisher] SFTP upload complete (8 files)
15:28:07 [autopublish.notifier] Email sent to mutativedesign@gmail.com: "My Morning Routine" updated
15:28:07 [autopublish.publisher] Re-published 'My Morning Routine' as 2026-05-21-my-morning-routine-as-someone-who-is-unemployed-for-a-living with revision date 2026-05-21
15:58:08 [autopublish.publisher] Source changed for 'My Morning Routine' — re-publishing
15:58:08 [autopublish.publisher] Saved /Users/esther/Documents/from the abysmal (site)/posts/2026-05-21-my-morning-routine-as-someone-who-is-unemployed-for-a-living.html
15:58:08 [autopublish.publisher] Rebuilt index.html and rss.xml
15:58:08 [autopublish.publisher] Saved /Users/esther/Documents/from the abysmal (site)/archive/2026-05.html
15:58:08 [autopublish.publisher] Saved /Users/esther/Documents/from the abysmal (site)/archive/2026-04.html
15:58:08 [autopublish.publisher] Saved /Users/esther/Documents/from the abysmal (site)/archive/2026-03.html
15:58:08 [autopublish.publisher] Saved /Users/esther/Documents/from the abysmal (site)/archive/2026-02.html
15:58:08 [autopublish.publisher] Saved /Users/esther/Documents/from the abysmal (site)/archive/2026-01.html
15:58:08 [paramiko.transport] Connected (version 2.0, client OpenSSH_8.4p1)
15:58:08 [paramiko.transport] Authentication (password) successful!
15:58:09 [paramiko.transport.sftp] [chan 0] Opened sftp connection (server version 3)
15:58:09 [autopublish.publisher] Uploaded /fromtheabysmal.net/posts/2026-05-21-my-morning-routine-as-someone-who-is-unemployed-for-a-living.html
15:58:09 [autopublish.publisher] Uploaded /fromtheabysmal.net/index.html
15:58:09 [autopublish.publisher] Uploaded /fromtheabysmal.net/rss.xml
15:58:09 [autopublish.publisher] Uploaded /fromtheabysmal.net/archive/2026-05.html
15:58:10 [autopublish.publisher] Uploaded /fromtheabysmal.net/archive/2026-04.html
15:58:10 [autopublish.publisher] Uploaded /fromtheabysmal.net/archive/2026-03.html
15:58:10 [autopublish.publisher] Uploaded /fromtheabysmal.net/archive/2026-02.html
15:58:10 [autopublish.publisher] Uploaded /fromtheabysmal.net/archive/2026-01.html
15:58:10 [paramiko.transport.sftp] [chan 0] sftp session closed.
15:58:10 [autopublish.publisher] SFTP upload complete (8 files)
15:58:11 [autopublish.notifier] Email sent to mutativedesign@gmail.com: "My Morning Routine" updated
15:58:11 [autopublish.publisher] Re-published 'My Morning Routine' as 2026-05-21-my-morning-routine-as-someone-who-is-unemployed-for-a-living with revision date 2026-05-21
18:07:20 [autopublish.publisher] Source changed for 'Realizing in real time that the non-sacral experience is fundamentally different from mine' — re-publishing
18:07:20 [autopublish.publisher] Title changed: 'Realizing in real time that the non-sacral experience is fundamentally different from mine' → 'Realizing while writing that the non-sacral experience is fundamentally different from mine'
18:07:20 [autopublish.publisher] Saved /Users/esther/Documents/from the abysmal (site)/posts/2026-01-30-life-force.html
18:07:20 [autopublish.publisher] Rebuilt index.html and rss.xml
18:07:20 [autopublish.publisher] Saved /Users/esther/Documents/from the abysmal (site)/archive/2026-05.html
18:07:20 [autopublish.publisher] Saved /Users/esther/Documents/from the abysmal (site)/archive/2026-04.html
18:07:20 [autopublish.publisher] Saved /Users/esther/Documents/from the abysmal (site)/archive/2026-03.html
18:07:20 [autopublish.publisher] Saved /Users/esther/Documents/from the abysmal (site)/archive/2026-02.html
18:07:20 [autopublish.publisher] Saved /Users/esther/Documents/from the abysmal (site)/archive/2026-01.html
18:07:20 [paramiko.transport] Connected (version 2.0, client OpenSSH_8.4p1)
18:07:20 [paramiko.transport] Authentication (password) successful!
18:07:21 [paramiko.transport.sftp] [chan 0] Opened sftp connection (server version 3)
18:07:21 [autopublish.publisher] Uploaded /fromtheabysmal.net/posts/2026-01-30-life-force.html
18:07:21 [autopublish.publisher] Uploaded /fromtheabysmal.net/index.html
18:07:21 [autopublish.publisher] Uploaded /fromtheabysmal.net/rss.xml
18:07:21 [autopublish.publisher] Uploaded /fromtheabysmal.net/archive/2026-05.html
18:07:21 [autopublish.publisher] Uploaded /fromtheabysmal.net/archive/2026-04.html
18:07:21 [autopublish.publisher] Uploaded /fromtheabysmal.net/archive/2026-03.html
18:07:21 [autopublish.publisher] Uploaded /fromtheabysmal.net/archive/2026-02.html
18:07:21 [autopublish.publisher] Uploaded /fromtheabysmal.net/archive/2026-01.html
18:07:21 [paramiko.transport.sftp] [chan 0] sftp session closed.
18:07:21 [autopublish.publisher] SFTP upload complete (8 files)
18:07:23 [autopublish.notifier] Email sent to mutativedesign@gmail.com: "Realizing while writing that the non-sacral experience is fundamentally different from mine" updated
18:07:23 [autopublish.publisher] Re-published 'Realizing while writing that the non-sacral experience is fundamentally different from mine' as 2026-01-30-life-force with revision date 2026-05-21
19:16:19 [autopublish.publisher] Source changed for 'Realizing while writing that the non-sacral experience is fundamentally different from mine' — re-publishing
19:16:19 [autopublish.publisher] Title changed: 'Realizing while writing that the non-sacral experience is fundamentally different from mine' → 'Just now realizing that the non-sacral experience is fundamentally different from mine'
19:16:19 [autopublish.publisher] Saved /Users/esther/Documents/from the abysmal (site)/posts/2026-01-30-life-force.html
19:16:19 [autopublish.publisher] Rebuilt index.html and rss.xml
19:16:19 [autopublish.publisher] Saved /Users/esther/Documents/from the abysmal (site)/archive/2026-05.html
19:16:19 [autopublish.publisher] Saved /Users/esther/Documents/from the abysmal (site)/archive/2026-04.html
19:16:19 [autopublish.publisher] Saved /Users/esther/Documents/from the abysmal (site)/archive/2026-03.html
19:16:19 [autopublish.publisher] Saved /Users/esther/Documents/from the abysmal (site)/archive/2026-02.html
19:16:19 [autopublish.publisher] Saved /Users/esther/Documents/from the abysmal (site)/archive/2026-01.html
19:16:19 [paramiko.transport] Connected (version 2.0, client OpenSSH_8.4p1)
19:16:19 [paramiko.transport] Authentication (password) successful!
19:16:20 [paramiko.transport.sftp] [chan 0] Opened sftp connection (server version 3)
19:16:20 [autopublish.publisher] Uploaded /fromtheabysmal.net/posts/2026-01-30-life-force.html
19:16:20 [autopublish.publisher] Uploaded /fromtheabysmal.net/index.html
19:16:20 [autopublish.publisher] Uploaded /fromtheabysmal.net/rss.xml
19:16:20 [autopublish.publisher] Uploaded /fromtheabysmal.net/archive/2026-05.html
19:16:20 [autopublish.publisher] Uploaded /fromtheabysmal.net/archive/2026-04.html
19:16:20 [autopublish.publisher] Uploaded /fromtheabysmal.net/archive/2026-03.html
19:16:21 [autopublish.publisher] Uploaded /fromtheabysmal.net/archive/2026-02.html
19:16:21 [autopublish.publisher] Uploaded /fromtheabysmal.net/archive/2026-01.html
19:16:21 [paramiko.transport.sftp] [chan 0] sftp session closed.
19:16:21 [autopublish.publisher] SFTP upload complete (8 files)
19:16:22 [autopublish.notifier] Email sent to mutativedesign@gmail.com: "Just now realizing that the non-sacral experience is fundamentally different from mine" updated
19:16:22 [autopublish.publisher] Re-published 'Just now realizing that the non-sacral experience is fundamentally different from mine' as 2026-01-30-life-force with revision date 2026-05-21
11:30:46 [autopublish.publisher] Source changed for 'Forgetting how to do some stuff is a convenient way to learn surrender' — re-publishing
11:30:46 [autopublish.publisher] Saved /Users/esther/Documents/from the abysmal (site)/posts/2026-05-13-forgetting-how-to-do-stuff-is-a-convenient-way-to-learn-surr.html
11:30:46 [autopublish.publisher] Rebuilt index.html and rss.xml
11:30:46 [autopublish.publisher] Saved /Users/esther/Documents/from the abysmal (site)/archive/2026-05.html
11:30:46 [autopublish.publisher] Saved /Users/esther/Documents/from the abysmal (site)/archive/2026-04.html
11:30:46 [autopublish.publisher] Saved /Users/esther/Documents/from the abysmal (site)/archive/2026-03.html
11:30:46 [autopublish.publisher] Saved /Users/esther/Documents/from the abysmal (site)/archive/2026-02.html
11:30:46 [autopublish.publisher] Saved /Users/esther/Documents/from the abysmal (site)/archive/2026-01.html
11:30:46 [paramiko.transport] Connected (version 2.0, client OpenSSH_8.4p1)
11:30:46 [paramiko.transport] Authentication (password) successful!
11:30:47 [paramiko.transport.sftp] [chan 0] Opened sftp connection (server version 3)
11:30:47 [autopublish.publisher] Uploaded /fromtheabysmal.net/posts/2026-05-13-forgetting-how-to-do-stuff-is-a-convenient-way-to-learn-surr.html
11:30:47 [autopublish.publisher] Uploaded /fromtheabysmal.net/index.html
11:30:47 [autopublish.publisher] Uploaded /fromtheabysmal.net/rss.xml
11:30:47 [autopublish.publisher] Uploaded /fromtheabysmal.net/archive/2026-05.html
11:30:47 [autopublish.publisher] Uploaded /fromtheabysmal.net/archive/2026-04.html
11:30:47 [autopublish.publisher] Uploaded /fromtheabysmal.net/archive/2026-03.html
11:30:47 [autopublish.publisher] Uploaded /fromtheabysmal.net/archive/2026-02.html
11:30:47 [autopublish.publisher] Uploaded /fromtheabysmal.net/archive/2026-01.html
11:30:47 [paramiko.transport.sftp] [chan 0] sftp session closed.
11:30:47 [autopublish.publisher] SFTP upload complete (8 files)
11:30:49 [autopublish.notifier] Email sent to mutativedesign@gmail.com: "Forgetting how to do some stuff is a convenient way to learn surrender" updated
11:30:49 [autopublish.publisher] Re-published 'Forgetting how to do some stuff is a convenient way to learn surrender' as 2026-05-13-forgetting-how-to-do-stuff-is-a-convenient-way-to-learn-surr with revision date 2026-05-22
Traceback (most recent call last):
  File "/Library/Developer/CommandLineTools/Library/Frameworks/Python3.framework/Versions/3.9/lib/python3.9/runpy.py", line 197, in _run_module_as_main
    return _run_code(code, main_globals, None,
  File "/Library/Developer/CommandLineTools/Library/Frameworks/Python3.framework/Versions/3.9/lib/python3.9/runpy.py", line 87, in _run_code
    exec(code, run_globals)
  File "/Users/esther/Development/autopublish pipeline/autopublish/__main__.py", line 3, in <module>
    main()
  File "/Users/esther/Development/autopublish pipeline/autopublish/cli.py", line 172, in main
    commands[args.command](args)
  File "/Users/esther/Development/autopublish pipeline/autopublish/cli.py", line 107, in cmd_veto_check
    publisher.republish_if_changed(cfg, current_state)
  File "/Users/esther/Development/autopublish pipeline/autopublish/publisher.py", line 162, in republish_if_changed
    src_path = _find_source(drafts_path, post["source"])
  File "/Users/esther/Development/autopublish pipeline/autopublish/publisher.py", line 32, in _find_source
    for candidate in drafts_path.rglob(source_name):
  File "/Library/Developer/CommandLineTools/Library/Frameworks/Python3.framework/Versions/3.9/lib/python3.9/pathlib.py", line 1180, in rglob
    for p in selector.select_from(self):
  File "/Library/Developer/CommandLineTools/Library/Frameworks/Python3.framework/Versions/3.9/lib/python3.9/pathlib.py", line 600, in _select_from
    for starting_point in self._iterate_directories(parent_path, is_dir, scandir):
  File "/Library/Developer/CommandLineTools/Library/Frameworks/Python3.framework/Versions/3.9/lib/python3.9/pathlib.py", line 579, in _iterate_directories
    with scandir(parent_path) as scandir_it:
InterruptedError: [Errno 4] Interrupted system call: '/Users/esther/Library/Containers/pro.writer.mac/Data/Documents'
17:18:42 [autopublish.veto] Veto deadline passed — publishing 'Buying Stuff'
17:18:42 [autopublish.veto] Source edited during veto window — publishing latest file version
17:18:42 [autopublish.publisher] Saved /Users/esther/Documents/from the abysmal (site)/posts/2026-04-27-buying-stuff.html
17:18:42 [autopublish.publisher] Rebuilt index.html and rss.xml
17:18:42 [autopublish.publisher] Saved /Users/esther/Documents/from the abysmal (site)/archive/2026-05.html
17:18:42 [autopublish.publisher] Saved /Users/esther/Documents/from the abysmal (site)/archive/2026-04.html
17:18:42 [autopublish.publisher] Saved /Users/esther/Documents/from the abysmal (site)/archive/2026-03.html
17:18:42 [autopublish.publisher] Saved /Users/esther/Documents/from the abysmal (site)/archive/2026-02.html
17:18:42 [autopublish.publisher] Saved /Users/esther/Documents/from the abysmal (site)/archive/2026-01.html
17:18:42 [paramiko.transport] Connected (version 2.0, client OpenSSH_8.4p1)
17:18:43 [paramiko.transport] Authentication (password) successful!
17:18:43 [paramiko.transport.sftp] [chan 0] Opened sftp connection (server version 3)
17:18:43 [autopublish.publisher] Uploaded /fromtheabysmal.net/posts/2026-04-27-buying-stuff.html
17:18:43 [autopublish.publisher] Uploaded /fromtheabysmal.net/index.html
17:18:43 [autopublish.publisher] Uploaded /fromtheabysmal.net/rss.xml
17:18:44 [autopublish.publisher] Uploaded /fromtheabysmal.net/archive/2026-05.html
17:18:44 [autopublish.publisher] Uploaded /fromtheabysmal.net/archive/2026-04.html
17:18:44 [autopublish.publisher] Uploaded /fromtheabysmal.net/archive/2026-03.html
17:18:44 [autopublish.publisher] Uploaded /fromtheabysmal.net/archive/2026-02.html
17:18:44 [autopublish.publisher] Uploaded /fromtheabysmal.net/archive/2026-01.html
17:18:44 [paramiko.transport.sftp] [chan 0] sftp session closed.
17:18:44 [autopublish.publisher] SFTP upload complete (8 files)
17:18:45 [autopublish.notifier] Email sent to mutativedesign@gmail.com: "Buying Stuff" is live
17:18:45 [autopublish.veto] Published: 2026-04-27-buying-stuff.html
17:48:46 [autopublish.publisher] Source changed for 'Buying Stuff' — re-publishing
17:48:46 [autopublish.publisher] Title changed: 'Buying Stuff' → 'Buying Stuff -05-22'
17:48:46 [autopublish.publisher] Saved /Users/esther/Documents/from the abysmal (site)/posts/2026-04-27-buying-stuff.html
17:48:46 [autopublish.publisher] Rebuilt index.html and rss.xml
17:48:46 [autopublish.publisher] Saved /Users/esther/Documents/from the abysmal (site)/archive/2026-05.html
17:48:46 [autopublish.publisher] Saved /Users/esther/Documents/from the abysmal (site)/archive/2026-04.html
17:48:46 [autopublish.publisher] Saved /Users/esther/Documents/from the abysmal (site)/archive/2026-03.html
17:48:46 [autopublish.publisher] Saved /Users/esther/Documents/from the abysmal (site)/archive/2026-02.html
17:48:46 [autopublish.publisher] Saved /Users/esther/Documents/from the abysmal (site)/archive/2026-01.html
17:48:46 [paramiko.transport] Connected (version 2.0, client OpenSSH_8.4p1)
17:48:46 [paramiko.transport] Authentication (password) successful!
17:48:46 [paramiko.transport.sftp] [chan 0] Opened sftp connection (server version 3)
17:48:46 [autopublish.publisher] Uploaded /fromtheabysmal.net/posts/2026-04-27-buying-stuff.html
17:48:47 [autopublish.publisher] Uploaded /fromtheabysmal.net/index.html
17:48:47 [autopublish.publisher] Uploaded /fromtheabysmal.net/rss.xml
17:48:47 [autopublish.publisher] Uploaded /fromtheabysmal.net/archive/2026-05.html
17:48:47 [autopublish.publisher] Uploaded /fromtheabysmal.net/archive/2026-04.html
17:48:47 [autopublish.publisher] Uploaded /fromtheabysmal.net/archive/2026-03.html
17:48:47 [autopublish.publisher] Uploaded /fromtheabysmal.net/archive/2026-02.html
17:48:47 [autopublish.publisher] Uploaded /fromtheabysmal.net/archive/2026-01.html
17:48:47 [paramiko.transport.sftp] [chan 0] sftp session closed.
17:48:47 [autopublish.publisher] SFTP upload complete (8 files)
17:48:48 [autopublish.notifier] Email sent to mutativedesign@gmail.com: "Buying Stuff -05-22" updated
17:48:48 [autopublish.publisher] Re-published 'Buying Stuff -05-22' as 2026-04-27-buying-stuff with revision date 2026-05-22
18:18:49 [autopublish.publisher] Source changed for 'Buying Stuff -05-22' — re-publishing
18:18:49 [autopublish.publisher] Title changed: 'Buying Stuff -05-22' → 'Buying Stuff'
18:18:49 [autopublish.publisher] Saved /Users/esther/Documents/from the abysmal (site)/posts/2026-05-22-buying-stuff.html
18:18:49 [autopublish.publisher] Removed old post file 2026-04-27-buying-stuff.html
18:18:49 [autopublish.publisher] Rebuilt index.html and rss.xml
18:18:49 [autopublish.publisher] Saved /Users/esther/Documents/from the abysmal (site)/archive/2026-05.html
18:18:49 [autopublish.publisher] Saved /Users/esther/Documents/from the abysmal (site)/archive/2026-04.html
18:18:49 [autopublish.publisher] Saved /Users/esther/Documents/from the abysmal (site)/archive/2026-03.html
18:18:49 [autopublish.publisher] Saved /Users/esther/Documents/from the abysmal (site)/archive/2026-02.html
18:18:49 [autopublish.publisher] Saved /Users/esther/Documents/from the abysmal (site)/archive/2026-01.html
18:18:49 [paramiko.transport] Connected (version 2.0, client OpenSSH_8.4p1)
18:18:49 [paramiko.transport] Authentication (password) successful!
18:18:49 [paramiko.transport.sftp] [chan 0] Opened sftp connection (server version 3)
18:18:50 [autopublish.publisher] Uploaded /fromtheabysmal.net/posts/2026-05-22-buying-stuff.html
18:18:50 [autopublish.publisher] Uploaded /fromtheabysmal.net/index.html
18:18:50 [autopublish.publisher] Uploaded /fromtheabysmal.net/rss.xml
18:18:50 [autopublish.publisher] Uploaded /fromtheabysmal.net/archive/2026-05.html
18:18:50 [autopublish.publisher] Uploaded /fromtheabysmal.net/archive/2026-04.html
18:18:50 [autopublish.publisher] Uploaded /fromtheabysmal.net/archive/2026-03.html
18:18:50 [autopublish.publisher] Uploaded /fromtheabysmal.net/archive/2026-02.html
18:18:50 [autopublish.publisher] Uploaded /fromtheabysmal.net/archive/2026-01.html
18:18:50 [paramiko.transport.sftp] [chan 0] sftp session closed.
18:18:50 [autopublish.publisher] SFTP upload complete (8 files)
18:18:51 [autopublish.notifier] Email sent to mutativedesign@gmail.com: "Buying Stuff" updated
18:18:51 [autopublish.publisher] Re-published 'Buying Stuff' as 2026-05-22-buying-stuff with revision date 2026-05-22
23:12:45 [autopublish.veto] Veto deadline passed — publishing 'Hello, World!'
23:12:45 [autopublish.publisher] Saved /Users/esther/Documents/from the abysmal (site)/posts/2026-04-22-hello-world.html
23:12:45 [autopublish.publisher] Rebuilt index.html and rss.xml
23:12:45 [autopublish.publisher] Saved /Users/esther/Documents/from the abysmal (site)/archive/2026-05.html
23:12:45 [autopublish.publisher] Saved /Users/esther/Documents/from the abysmal (site)/archive/2026-04.html
23:12:45 [autopublish.publisher] Saved /Users/esther/Documents/from the abysmal (site)/archive/2026-03.html
23:12:45 [autopublish.publisher] Saved /Users/esther/Documents/from the abysmal (site)/archive/2026-02.html
23:12:45 [autopublish.publisher] Saved /Users/esther/Documents/from the abysmal (site)/archive/2026-01.html
23:12:45 [paramiko.transport] Connected (version 2.0, client OpenSSH_8.4p1)
23:12:46 [paramiko.transport] Authentication (password) successful!
23:12:46 [paramiko.transport.sftp] [chan 0] Opened sftp connection (server version 3)
23:12:46 [autopublish.publisher] Uploaded /fromtheabysmal.net/posts/2026-04-22-hello-world.html
23:12:46 [autopublish.publisher] Uploaded /fromtheabysmal.net/index.html
23:12:46 [autopublish.publisher] Uploaded /fromtheabysmal.net/rss.xml
23:12:46 [autopublish.publisher] Uploaded /fromtheabysmal.net/archive/2026-05.html
23:12:47 [autopublish.publisher] Uploaded /fromtheabysmal.net/archive/2026-04.html
23:12:47 [autopublish.publisher] Uploaded /fromtheabysmal.net/archive/2026-03.html
23:13:13 [autopublish.publisher] Uploaded /fromtheabysmal.net/archive/2026-02.html
23:13:13 [autopublish.publisher] Uploaded /fromtheabysmal.net/archive/2026-01.html
23:13:13 [paramiko.transport.sftp] [chan 0] sftp session closed.
23:13:13 [autopublish.publisher] SFTP upload complete (8 files)
23:13:14 [autopublish.notifier] Email sent to mutativedesign@gmail.com: "Hello, World!" is live
23:13:14 [autopublish.veto] Published: 2026-04-22-hello-world.html
12:31:55 [autopublish.publisher] Source changed for 'Hello, World!' — re-publishing
12:31:55 [autopublish.publisher] Saved /Users/esther/Documents/from the abysmal (site)/posts/2026-04-22-hello-world.html
12:31:55 [autopublish.publisher] Rebuilt index.html and rss.xml
12:31:55 [autopublish.publisher] Saved /Users/esther/Documents/from the abysmal (site)/archive/2026-05.html
12:31:55 [autopublish.publisher] Saved /Users/esther/Documents/from the abysmal (site)/archive/2026-04.html
12:31:55 [autopublish.publisher] Saved /Users/esther/Documents/from the abysmal (site)/archive/2026-03.html
12:31:55 [autopublish.publisher] Saved /Users/esther/Documents/from the abysmal (site)/archive/2026-02.html
12:31:55 [autopublish.publisher] Saved /Users/esther/Documents/from the abysmal (site)/archive/2026-01.html
12:31:55 [paramiko.transport] Connected (version 2.0, client OpenSSH_8.4p1)
12:31:56 [paramiko.transport] Authentication (password) successful!
12:31:56 [paramiko.transport.sftp] [chan 0] Opened sftp connection (server version 3)
12:31:56 [autopublish.publisher] Uploaded /fromtheabysmal.net/posts/2026-04-22-hello-world.html
12:31:56 [autopublish.publisher] Uploaded /fromtheabysmal.net/index.html
12:31:57 [autopublish.publisher] Uploaded /fromtheabysmal.net/rss.xml
12:31:57 [autopublish.publisher] Uploaded /fromtheabysmal.net/archive/2026-05.html
12:31:57 [autopublish.publisher] Uploaded /fromtheabysmal.net/archive/2026-04.html
12:31:57 [autopublish.publisher] Uploaded /fromtheabysmal.net/archive/2026-03.html
12:31:57 [autopublish.publisher] Uploaded /fromtheabysmal.net/archive/2026-02.html
12:31:57 [autopublish.publisher] Uploaded /fromtheabysmal.net/archive/2026-01.html
12:31:57 [paramiko.transport.sftp] [chan 0] sftp session closed.
12:31:57 [autopublish.publisher] SFTP upload complete (8 files)
12:31:58 [autopublish.notifier] Email sent to mutativedesign@gmail.com: "Hello, World!" updated
12:31:58 [autopublish.publisher] Re-published 'Hello, World!' as 2026-04-22-hello-world with revision date 2026-05-26
16:13:05 [autopublish.veto] Reply received — treating as veto: 'veto

On Wed, 3 Jun 2026 at 12:01, autopublish
<fromtheabysmalautopublish@gmail.'
16:13:05 [autopublish.veto] VETO received for 'Still Processing The Trauma Of Requiring Myself To Contribute On Social Media, Then Leaving, Finding A Place To Be Myself On The Internet, Then That Place Turning Into Full-Fledged Social Media As Well, Then Requiring Myself To Get Over It But Failing, At Great Cost To My Creative Identity' — delayed to tomorrow
16:13:06 [autopublish.notifier] Email sent to thehereticalinvestigator@gmail.com: Esther vetoed "Still Processing The Trauma Of Requiring Myself To Contribute On Social Media, Then Leaving, Finding A Place To Be Myself On The Internet, Then That Place Turning Into Full-Fledged Social Media As Well, Then Requiring Myself To Get Over It But Failing, At Great Cost To My Creative Identity" (#1)
16:42:27 [autopublish.veto] Veto deadline passed — publishing 'Still Processing The Trauma Of Requiring Myself To Contribute On Social Media, Then Leaving, Finding A Place To Be Myself On The Internet, Then That Place Turning Into Full-Fledged Social Media As Well, Then Requiring Myself To Get Over It But Failing, At Great Cost To My Creative Identity'
16:42:27 [autopublish.veto] Source edited during veto window — publishing latest file version
16:42:27 [autopublish.publisher] Saved /Users/esther/Documents/from the abysmal (site)/posts/2026-06-05-still-processing-the-trauma-of-requiring-myself-to-contribut.html
16:42:27 [autopublish.publisher] Rebuilt index.html and rss.xml
16:42:27 [autopublish.publisher] Saved /Users/esther/Documents/from the abysmal (site)/archive/2026-06.html
16:42:27 [autopublish.publisher] Saved /Users/esther/Documents/from the abysmal (site)/archive/2026-05.html
16:42:27 [autopublish.publisher] Saved /Users/esther/Documents/from the abysmal (site)/archive/2026-04.html
16:42:27 [autopublish.publisher] Saved /Users/esther/Documents/from the abysmal (site)/archive/2026-03.html
16:42:27 [autopublish.publisher] Saved /Users/esther/Documents/from the abysmal (site)/archive/2026-02.html
16:42:27 [autopublish.publisher] Saved /Users/esther/Documents/from the abysmal (site)/archive/2026-01.html
16:42:27 [paramiko.transport] Connected (version 2.0, client OpenSSH_8.4p1)
16:42:27 [paramiko.transport] Authentication (password) successful!
16:42:28 [paramiko.transport.sftp] [chan 0] Opened sftp connection (server version 3)
16:42:28 [autopublish.publisher] Uploaded /fromtheabysmal.net/posts/2026-06-05-still-processing-the-trauma-of-requiring-myself-to-contribut.html
16:42:28 [autopublish.publisher] Uploaded /fromtheabysmal.net/index.html
16:42:28 [autopublish.publisher] Uploaded /fromtheabysmal.net/rss.xml
16:42:29 [autopublish.publisher] Uploaded /fromtheabysmal.net/archive/2026-06.html
16:42:29 [autopublish.publisher] Uploaded /fromtheabysmal.net/archive/2026-05.html
16:42:29 [autopublish.publisher] Uploaded /fromtheabysmal.net/archive/2026-04.html
16:42:29 [autopublish.publisher] Uploaded /fromtheabysmal.net/archive/2026-03.html
16:42:29 [autopublish.publisher] Uploaded /fromtheabysmal.net/archive/2026-02.html
16:42:29 [autopublish.publisher] Uploaded /fromtheabysmal.net/archive/2026-01.html
16:42:29 [paramiko.transport.sftp] [chan 0] sftp session closed.
16:42:29 [autopublish.publisher] SFTP upload complete (9 files)
16:42:30 [autopublish.notifier] Email sent to mutativedesign@gmail.com: "Still Processing The Trauma Of Requiring Myself To Contribute On Social Media, Then Leaving, Finding A Place To Be Myself On The Internet, Then That Place Turning Into Full-Fledged Social Media As Well, Then Requiring Myself To Get Over It But Failing, At Great Cost To My Creative Identity" is live
16:42:30 [autopublish.veto] Published: 2026-06-05-still-processing-the-trauma-of-requiring-myself-to-contribut.html
19:27:23 [autopublish.publisher] Source changed for 'Still Processing The Trauma Of Requiring Myself To Contribute On Social Media, Then Leaving, Finding A Place To Be Myself On The Internet, Then That Place Turning Into Full-Fledged Social Media As Well, Then Requiring Myself To Get Over It But Failing, At Great Cost To My Creative Identity' — re-publishing
19:27:23 [autopublish.publisher] Saved /Users/esther/Documents/from the abysmal (site)/posts/2026-06-05-still-processing-the-trauma-of-requiring-myself-to-contribut.html
19:27:23 [autopublish.publisher] Rebuilt index.html and rss.xml
19:27:23 [autopublish.publisher] Saved /Users/esther/Documents/from the abysmal (site)/archive/2026-06.html
19:27:23 [autopublish.publisher] Saved /Users/esther/Documents/from the abysmal (site)/archive/2026-05.html
19:27:23 [autopublish.publisher] Saved /Users/esther/Documents/from the abysmal (site)/archive/2026-04.html
19:27:23 [autopublish.publisher] Saved /Users/esther/Documents/from the abysmal (site)/archive/2026-03.html
19:27:23 [autopublish.publisher] Saved /Users/esther/Documents/from the abysmal (site)/archive/2026-02.html
19:27:23 [autopublish.publisher] Saved /Users/esther/Documents/from the abysmal (site)/archive/2026-01.html
19:27:23 [paramiko.transport] Connected (version 2.0, client OpenSSH_8.4p1)
19:27:23 [paramiko.transport] Authentication (password) successful!
19:27:23 [paramiko.transport.sftp] [chan 0] Opened sftp connection (server version 3)
19:27:24 [autopublish.publisher] Uploaded /fromtheabysmal.net/posts/2026-06-05-still-processing-the-trauma-of-requiring-myself-to-contribut.html
19:27:24 [autopublish.publisher] Uploaded /fromtheabysmal.net/index.html
19:27:24 [autopublish.publisher] Uploaded /fromtheabysmal.net/rss.xml
19:27:24 [autopublish.publisher] Uploaded /fromtheabysmal.net/archive/2026-06.html
19:27:24 [autopublish.publisher] Uploaded /fromtheabysmal.net/archive/2026-05.html
19:27:24 [autopublish.publisher] Uploaded /fromtheabysmal.net/archive/2026-04.html
19:27:24 [autopublish.publisher] Uploaded /fromtheabysmal.net/archive/2026-03.html
19:27:24 [autopublish.publisher] Uploaded /fromtheabysmal.net/archive/2026-02.html
19:27:24 [autopublish.publisher] Uploaded /fromtheabysmal.net/archive/2026-01.html
19:27:24 [paramiko.transport.sftp] [chan 0] sftp session closed.
19:27:24 [autopublish.publisher] SFTP upload complete (9 files)
19:27:26 [autopublish.notifier] Email sent to mutativedesign@gmail.com: "Still Processing The Trauma Of Requiring Myself To Contribute On Social Media, Then Leaving, Finding A Place To Be Myself On The Internet, Then That Place Turning Into Full-Fledged Social Media As Well, Then Requiring Myself To Get Over It But Failing, At Great Cost To My Creative Identity" updated
19:27:26 [autopublish.publisher] Re-published 'Still Processing The Trauma Of Requiring Myself To Contribute On Social Media, Then Leaving, Finding A Place To Be Myself On The Internet, Then That Place Turning Into Full-Fledged Social Media As Well, Then Requiring Myself To Get Over It But Failing, At Great Cost To My Creative Identity' as 2026-06-05-still-processing-the-trauma-of-requiring-myself-to-contribut with revision date 2026-06-06
19:57:27 [autopublish.publisher] Source changed for 'Still Processing The Trauma Of Requiring Myself To Contribute On Social Media, Then Leaving, Finding A Place To Be Myself On The Internet, Then That Place Turning Into Full-Fledged Social Media As Well, Then Requiring Myself To Get Over It But Failing, At Great Cost To My Creative Identity' — re-publishing
19:57:27 [autopublish.publisher] Saved /Users/esther/Documents/from the abysmal (site)/posts/2026-06-05-still-processing-the-trauma-of-requiring-myself-to-contribut.html
19:57:27 [autopublish.publisher] Rebuilt index.html and rss.xml
19:57:27 [autopublish.publisher] Saved /Users/esther/Documents/from the abysmal (site)/archive/2026-06.html
19:57:27 [autopublish.publisher] Saved /Users/esther/Documents/from the abysmal (site)/archive/2026-05.html
19:57:27 [autopublish.publisher] Saved /Users/esther/Documents/from the abysmal (site)/archive/2026-04.html
19:57:27 [autopublish.publisher] Saved /Users/esther/Documents/from the abysmal (site)/archive/2026-03.html
19:57:27 [autopublish.publisher] Saved /Users/esther/Documents/from the abysmal (site)/archive/2026-02.html
19:57:27 [autopublish.publisher] Saved /Users/esther/Documents/from the abysmal (site)/archive/2026-01.html
19:57:27 [paramiko.transport] Connected (version 2.0, client OpenSSH_8.4p1)
19:57:27 [paramiko.transport] Authentication (password) successful!
19:57:27 [paramiko.transport.sftp] [chan 0] Opened sftp connection (server version 3)
19:57:27 [autopublish.publisher] Uploaded /fromtheabysmal.net/posts/2026-06-05-still-processing-the-trauma-of-requiring-myself-to-contribut.html
19:57:28 [autopublish.publisher] Uploaded /fromtheabysmal.net/index.html
19:57:28 [autopublish.publisher] Uploaded /fromtheabysmal.net/rss.xml
19:57:28 [autopublish.publisher] Uploaded /fromtheabysmal.net/archive/2026-06.html
19:57:28 [autopublish.publisher] Uploaded /fromtheabysmal.net/archive/2026-05.html
19:57:28 [autopublish.publisher] Uploaded /fromtheabysmal.net/archive/2026-04.html
19:57:28 [autopublish.publisher] Uploaded /fromtheabysmal.net/archive/2026-03.html
19:57:28 [autopublish.publisher] Uploaded /fromtheabysmal.net/archive/2026-02.html
19:57:28 [autopublish.publisher] Uploaded /fromtheabysmal.net/archive/2026-01.html
19:57:28 [paramiko.transport.sftp] [chan 0] sftp session closed.
19:57:28 [autopublish.publisher] SFTP upload complete (9 files)
19:57:29 [autopublish.notifier] Email sent to mutativedesign@gmail.com: "Still Processing The Trauma Of Requiring Myself To Contribute On Social Media, Then Leaving, Finding A Place To Be Myself On The Internet, Then That Place Turning Into Full-Fledged Social Media As Well, Then Requiring Myself To Get Over It But Failing, At Great Cost To My Creative Identity" updated
19:57:29 [autopublish.publisher] Re-published 'Still Processing The Trauma Of Requiring Myself To Contribute On Social Media, Then Leaving, Finding A Place To Be Myself On The Internet, Then That Place Turning Into Full-Fledged Social Media As Well, Then Requiring Myself To Get Over It But Failing, At Great Cost To My Creative Identity' as 2026-06-05-still-processing-the-trauma-of-requiring-myself-to-contribut with revision date 2026-06-06
Traceback (most recent call last):
  File "/Library/Developer/CommandLineTools/Library/Frameworks/Python3.framework/Versions/3.9/lib/python3.9/runpy.py", line 197, in _run_module_as_main
    return _run_code(code, main_globals, None,
  File "/Library/Developer/CommandLineTools/Library/Frameworks/Python3.framework/Versions/3.9/lib/python3.9/runpy.py", line 87, in _run_code
    exec(code, run_globals)
  File "/Users/esther/Development/autopublish pipeline/autopublish/__main__.py", line 3, in <module>
    main()
  File "/Users/esther/Development/autopublish pipeline/autopublish/cli.py", line 172, in main
    commands[args.command](args)
  File "/Users/esther/Development/autopublish pipeline/autopublish/cli.py", line 107, in cmd_veto_check
    publisher.republish_if_changed(cfg, current_state)
  File "/Users/esther/Development/autopublish pipeline/autopublish/publisher.py", line 162, in republish_if_changed
    src_path = _find_source(drafts_path, post["source"])
  File "/Users/esther/Development/autopublish pipeline/autopublish/publisher.py", line 32, in _find_source
    for candidate in drafts_path.rglob(source_name):
  File "/Library/Developer/CommandLineTools/Library/Frameworks/Python3.framework/Versions/3.9/lib/python3.9/pathlib.py", line 1180, in rglob
    for p in selector.select_from(self):
  File "/Library/Developer/CommandLineTools/Library/Frameworks/Python3.framework/Versions/3.9/lib/python3.9/pathlib.py", line 600, in _select_from
    for starting_point in self._iterate_directories(parent_path, is_dir, scandir):
  File "/Library/Developer/CommandLineTools/Library/Frameworks/Python3.framework/Versions/3.9/lib/python3.9/pathlib.py", line 579, in _iterate_directories
    with scandir(parent_path) as scandir_it:
InterruptedError: [Errno 4] Interrupted system call: '/Users/esther/Library/Containers/pro.writer.mac/Data/Documents'
16:31:52 [autopublish.veto] Veto deadline passed — publishing 'thoughts on having a body'
16:31:52 [autopublish.veto] Source edited during veto window — publishing latest file version
16:31:52 [autopublish.veto] Title changed in source: 'thoughts on having a body' → 'thoughts on a body'
16:31:52 [autopublish.publisher] Saved /Users/esther/Documents/from the abysmal (site)/posts/2026-06-08-thoughts-on-a-body.html
16:31:52 [autopublish.publisher] Rebuilt index.html and rss.xml
16:31:52 [autopublish.publisher] Saved /Users/esther/Documents/from the abysmal (site)/archive/2026-06.html
16:31:52 [autopublish.publisher] Saved /Users/esther/Documents/from the abysmal (site)/archive/2026-05.html
16:31:52 [autopublish.publisher] Saved /Users/esther/Documents/from the abysmal (site)/archive/2026-04.html
16:31:52 [autopublish.publisher] Saved /Users/esther/Documents/from the abysmal (site)/archive/2026-03.html
16:31:52 [autopublish.publisher] Saved /Users/esther/Documents/from the abysmal (site)/archive/2026-02.html
16:31:52 [autopublish.publisher] Saved /Users/esther/Documents/from the abysmal (site)/archive/2026-01.html
16:31:52 [paramiko.transport] Connected (version 2.0, client OpenSSH_8.4p1)
16:31:53 [paramiko.transport] Authentication (password) successful!
16:31:53 [paramiko.transport.sftp] [chan 0] Opened sftp connection (server version 3)
16:31:53 [autopublish.publisher] Uploaded /fromtheabysmal.net/posts/2026-06-08-thoughts-on-a-body.html
16:31:53 [autopublish.publisher] Uploaded /fromtheabysmal.net/index.html
16:31:54 [autopublish.publisher] Uploaded /fromtheabysmal.net/rss.xml
16:31:54 [autopublish.publisher] Uploaded /fromtheabysmal.net/archive/2026-06.html
16:31:54 [autopublish.publisher] Uploaded /fromtheabysmal.net/archive/2026-05.html
16:31:54 [autopublish.publisher] Uploaded /fromtheabysmal.net/archive/2026-04.html
16:31:54 [autopublish.publisher] Uploaded /fromtheabysmal.net/archive/2026-03.html
16:31:54 [autopublish.publisher] Uploaded /fromtheabysmal.net/archive/2026-02.html
16:31:54 [autopublish.publisher] Uploaded /fromtheabysmal.net/archive/2026-01.html
16:31:54 [paramiko.transport.sftp] [chan 0] sftp session closed.
16:31:54 [autopublish.publisher] SFTP upload complete (9 files)
16:32:26 [autopublish.notifier] Email sent to mutativedesign@gmail.com: "thoughts on a body" is live
16:32:26 [autopublish.veto] Published: 2026-06-08-thoughts-on-a-body.html
17:02:26 [autopublish.publisher] Source changed for 'thoughts on a body' — re-publishing
17:02:26 [autopublish.publisher] Saved /Users/esther/Documents/from the abysmal (site)/posts/2026-06-08-thoughts-on-a-body.html
17:02:26 [autopublish.publisher] Rebuilt index.html and rss.xml
17:02:26 [autopublish.publisher] Saved /Users/esther/Documents/from the abysmal (site)/archive/2026-06.html
17:02:26 [autopublish.publisher] Saved /Users/esther/Documents/from the abysmal (site)/archive/2026-05.html
17:02:26 [autopublish.publisher] Saved /Users/esther/Documents/from the abysmal (site)/archive/2026-04.html
17:02:26 [autopublish.publisher] Saved /Users/esther/Documents/from the abysmal (site)/archive/2026-03.html
17:02:26 [autopublish.publisher] Saved /Users/esther/Documents/from the abysmal (site)/archive/2026-02.html
17:02:26 [autopublish.publisher] Saved /Users/esther/Documents/from the abysmal (site)/archive/2026-01.html
17:02:26 [paramiko.transport] Connected (version 2.0, client OpenSSH_8.4p1)
17:02:27 [paramiko.transport] Authentication (password) successful!
17:02:27 [paramiko.transport.sftp] [chan 0] Opened sftp connection (server version 3)
17:02:27 [autopublish.publisher] Uploaded /fromtheabysmal.net/posts/2026-06-08-thoughts-on-a-body.html
17:02:27 [autopublish.publisher] Uploaded /fromtheabysmal.net/index.html
17:02:28 [autopublish.publisher] Uploaded /fromtheabysmal.net/rss.xml
17:02:28 [autopublish.publisher] Uploaded /fromtheabysmal.net/archive/2026-06.html
17:02:28 [autopublish.publisher] Uploaded /fromtheabysmal.net/archive/2026-05.html
17:02:28 [autopublish.publisher] Uploaded /fromtheabysmal.net/archive/2026-04.html
17:02:28 [autopublish.publisher] Uploaded /fromtheabysmal.net/archive/2026-03.html
17:02:28 [autopublish.publisher] Uploaded /fromtheabysmal.net/archive/2026-02.html
17:02:28 [autopublish.publisher] Uploaded /fromtheabysmal.net/archive/2026-01.html
17:02:28 [paramiko.transport.sftp] [chan 0] sftp session closed.
17:02:28 [autopublish.publisher] SFTP upload complete (9 files)
17:03:00 [autopublish.notifier] Email sent to mutativedesign@gmail.com: "thoughts on a body" updated
17:03:01 [autopublish.publisher] Re-published 'thoughts on a body' as 2026-06-08-thoughts-on-a-body with revision date 2026-06-08
17:33:01 [autopublish.publisher] Source changed for 'thoughts on a body' — re-publishing
17:33:01 [autopublish.publisher] Saved /Users/esther/Documents/from the abysmal (site)/posts/2026-06-08-thoughts-on-a-body.html
17:33:01 [autopublish.publisher] Rebuilt index.html and rss.xml
17:33:01 [autopublish.publisher] Saved /Users/esther/Documents/from the abysmal (site)/archive/2026-06.html
17:33:01 [autopublish.publisher] Saved /Users/esther/Documents/from the abysmal (site)/archive/2026-05.html
17:33:01 [autopublish.publisher] Saved /Users/esther/Documents/from the abysmal (site)/archive/2026-04.html
17:33:01 [autopublish.publisher] Saved /Users/esther/Documents/from the abysmal (site)/archive/2026-03.html
17:33:01 [autopublish.publisher] Saved /Users/esther/Documents/from the abysmal (site)/archive/2026-02.html
17:33:01 [autopublish.publisher] Saved /Users/esther/Documents/from the abysmal (site)/archive/2026-01.html
17:33:01 [paramiko.transport] Connected (version 2.0, client OpenSSH_8.4p1)
17:33:02 [paramiko.transport] Authentication (password) successful!
17:33:02 [paramiko.transport.sftp] [chan 0] Opened sftp connection (server version 3)
17:33:02 [autopublish.publisher] Uploaded /fromtheabysmal.net/posts/2026-06-08-thoughts-on-a-body.html
17:33:02 [autopublish.publisher] Uploaded /fromtheabysmal.net/index.html
17:33:02 [autopublish.publisher] Uploaded /fromtheabysmal.net/rss.xml
17:33:02 [autopublish.publisher] Uploaded /fromtheabysmal.net/archive/2026-06.html
17:33:03 [autopublish.publisher] Uploaded /fromtheabysmal.net/archive/2026-05.html
17:33:03 [autopublish.publisher] Uploaded /fromtheabysmal.net/archive/2026-04.html
17:33:03 [autopublish.publisher] Uploaded /fromtheabysmal.net/archive/2026-03.html
17:33:03 [autopublish.publisher] Uploaded /fromtheabysmal.net/archive/2026-02.html
17:33:03 [autopublish.publisher] Uploaded /fromtheabysmal.net/archive/2026-01.html
17:33:03 [paramiko.transport.sftp] [chan 0] sftp session closed.
17:33:03 [autopublish.publisher] SFTP upload complete (9 files)
17:33:39 [autopublish.notifier] Email sent to mutativedesign@gmail.com: "thoughts on a body" updated
17:33:45 [autopublish.notifier] macOS notification failed: Command '['osascript', '-e', 'display notification "\\"thoughts on a body\\" re-published with revisions." with title "autopublish"']' timed out after 4.999613416999999 seconds
17:33:45 [autopublish.publisher] Re-published 'thoughts on a body' as 2026-06-08-thoughts-on-a-body with revision date 2026-06-08
Traceback (most recent call last):
  File "/Library/Developer/CommandLineTools/Library/Frameworks/Python3.framework/Versions/3.9/lib/python3.9/runpy.py", line 197, in _run_module_as_main
    return _run_code(code, main_globals, None,
  File "/Library/Developer/CommandLineTools/Library/Frameworks/Python3.framework/Versions/3.9/lib/python3.9/runpy.py", line 87, in _run_code
    exec(code, run_globals)
  File "/Users/esther/Development/autopublish pipeline/autopublish/__main__.py", line 3, in <module>
    main()
  File "/Users/esther/Development/autopublish pipeline/autopublish/cli.py", line 172, in main
    commands[args.command](args)
  File "/Users/esther/Development/autopublish pipeline/autopublish/cli.py", line 107, in cmd_veto_check
    publisher.republish_if_changed(cfg, current_state)
  File "/Users/esther/Development/autopublish pipeline/autopublish/publisher.py", line 162, in republish_if_changed
    src_path = _find_source(drafts_path, post["source"])
  File "/Users/esther/Development/autopublish pipeline/autopublish/publisher.py", line 32, in _find_source
    for candidate in drafts_path.rglob(source_name):
  File "/Library/Developer/CommandLineTools/Library/Frameworks/Python3.framework/Versions/3.9/lib/python3.9/pathlib.py", line 1180, in rglob
    for p in selector.select_from(self):
  File "/Library/Developer/CommandLineTools/Library/Frameworks/Python3.framework/Versions/3.9/lib/python3.9/pathlib.py", line 600, in _select_from
    for starting_point in self._iterate_directories(parent_path, is_dir, scandir):
  File "/Library/Developer/CommandLineTools/Library/Frameworks/Python3.framework/Versions/3.9/lib/python3.9/pathlib.py", line 579, in _iterate_directories
    with scandir(parent_path) as scandir_it:
InterruptedError: [Errno 4] Interrupted system call: '/Users/esther/Library/Containers/pro.writer.mac/Data/Documents'
Traceback (most recent call last):
  File "/Library/Developer/CommandLineTools/Library/Frameworks/Python3.framework/Versions/3.9/lib/python3.9/runpy.py", line 197, in _run_module_as_main
    return _run_code(code, main_globals, None,
  File "/Library/Developer/CommandLineTools/Library/Frameworks/Python3.framework/Versions/3.9/lib/python3.9/runpy.py", line 87, in _run_code
    exec(code, run_globals)
  File "/Users/esther/Development/autopublish pipeline/autopublish/__main__.py", line 3, in <module>
    main()
  File "/Users/esther/Development/autopublish pipeline/autopublish/cli.py", line 172, in main
    commands[args.command](args)
  File "/Users/esther/Development/autopublish pipeline/autopublish/cli.py", line 107, in cmd_veto_check
    publisher.republish_if_changed(cfg, current_state)
  File "/Users/esther/Development/autopublish pipeline/autopublish/publisher.py", line 162, in republish_if_changed
    src_path = _find_source(drafts_path, post["source"])
  File "/Users/esther/Development/autopublish pipeline/autopublish/publisher.py", line 32, in _find_source
    for candidate in drafts_path.rglob(source_name):
  File "/Library/Developer/CommandLineTools/Library/Frameworks/Python3.framework/Versions/3.9/lib/python3.9/pathlib.py", line 1180, in rglob
    for p in selector.select_from(self):
  File "/Library/Developer/CommandLineTools/Library/Frameworks/Python3.framework/Versions/3.9/lib/python3.9/pathlib.py", line 600, in _select_from
    for starting_point in self._iterate_directories(parent_path, is_dir, scandir):
  File "/Library/Developer/CommandLineTools/Library/Frameworks/Python3.framework/Versions/3.9/lib/python3.9/pathlib.py", line 590, in _iterate_directories
    for p in self._iterate_directories(path, is_dir, scandir):
  File "/Library/Developer/CommandLineTools/Library/Frameworks/Python3.framework/Versions/3.9/lib/python3.9/pathlib.py", line 579, in _iterate_directories
    with scandir(parent_path) as scandir_it:
InterruptedError: [Errno 4] Interrupted system call: '/Users/esther/Library/Containers/pro.writer.mac/Data/Documents/y - dumps & backups'
16:35:31 [autopublish.veto] Veto deadline passed — publishing 'G to the R to the A to the T to the I to the T to the U to the D to the E'
16:35:31 [autopublish.publisher] Saved /Users/esther/Documents/from the abysmal (site)/posts/2026-06-10-g-to-the-r-to-the-a-to-the-t-to-the-i-to-the-t-to-the-u-to-t.html
16:35:31 [autopublish.publisher] Rebuilt index.html and rss.xml
16:35:31 [autopublish.publisher] Saved /Users/esther/Documents/from the abysmal (site)/archive/2026-06.html
16:35:31 [autopublish.publisher] Saved /Users/esther/Documents/from the abysmal (site)/archive/2026-05.html
16:35:31 [autopublish.publisher] Saved /Users/esther/Documents/from the abysmal (site)/archive/2026-04.html
16:35:31 [autopublish.publisher] Saved /Users/esther/Documents/from the abysmal (site)/archive/2026-03.html
16:35:31 [autopublish.publisher] Saved /Users/esther/Documents/from the abysmal (site)/archive/2026-02.html
16:35:31 [autopublish.publisher] Saved /Users/esther/Documents/from the abysmal (site)/archive/2026-01.html
16:35:31 [paramiko.transport] Connected (version 2.0, client OpenSSH_8.4p1)
16:35:31 [paramiko.transport] Authentication (password) successful!
16:35:32 [paramiko.transport.sftp] [chan 0] Opened sftp connection (server version 3)
16:35:32 [autopublish.publisher] Uploaded /fromtheabysmal.net/posts/2026-06-10-g-to-the-r-to-the-a-to-the-t-to-the-i-to-the-t-to-the-u-to-t.html
16:35:32 [autopublish.publisher] Uploaded /fromtheabysmal.net/index.html
16:35:32 [autopublish.publisher] Uploaded /fromtheabysmal.net/rss.xml
16:35:32 [autopublish.publisher] Uploaded /fromtheabysmal.net/archive/2026-06.html
16:35:32 [autopublish.publisher] Uploaded /fromtheabysmal.net/archive/2026-05.html
16:35:32 [autopublish.publisher] Uploaded /fromtheabysmal.net/archive/2026-04.html
16:35:32 [autopublish.publisher] Uploaded /fromtheabysmal.net/archive/2026-03.html
16:35:33 [autopublish.publisher] Uploaded /fromtheabysmal.net/archive/2026-02.html
16:35:33 [autopublish.publisher] Uploaded /fromtheabysmal.net/archive/2026-01.html
16:35:33 [paramiko.transport.sftp] [chan 0] sftp session closed.
16:35:33 [autopublish.publisher] SFTP upload complete (9 files)
16:36:04 [autopublish.notifier] Email sent to mutativedesign@gmail.com: "G to the R to the A to the T to the I to the T to the U to the D to the E" is live
16:36:04 [autopublish.veto] Published: 2026-06-10-g-to-the-r-to-the-a-to-the-t-to-the-i-to-the-t-to-the-u-to-t.html
Traceback (most recent call last):
  File "/Library/Developer/CommandLineTools/Library/Frameworks/Python3.framework/Versions/3.9/lib/python3.9/runpy.py", line 197, in _run_module_as_main
    return _run_code(code, main_globals, None,
  File "/Library/Developer/CommandLineTools/Library/Frameworks/Python3.framework/Versions/3.9/lib/python3.9/runpy.py", line 87, in _run_code
    exec(code, run_globals)
  File "/Users/esther/Development/autopublish pipeline/autopublish/__main__.py", line 3, in <module>
    main()
  File "/Users/esther/Development/autopublish pipeline/autopublish/cli.py", line 172, in main
    commands[args.command](args)
  File "/Users/esther/Development/autopublish pipeline/autopublish/cli.py", line 107, in cmd_veto_check
    publisher.republish_if_changed(cfg, current_state)
  File "/Users/esther/Development/autopublish pipeline/autopublish/publisher.py", line 162, in republish_if_changed
    src_path = _find_source(drafts_path, post["source"])
  File "/Users/esther/Development/autopublish pipeline/autopublish/publisher.py", line 32, in _find_source
    for candidate in drafts_path.rglob(source_name):
  File "/Library/Developer/CommandLineTools/Library/Frameworks/Python3.framework/Versions/3.9/lib/python3.9/pathlib.py", line 1180, in rglob
    for p in selector.select_from(self):
  File "/Library/Developer/CommandLineTools/Library/Frameworks/Python3.framework/Versions/3.9/lib/python3.9/pathlib.py", line 600, in _select_from
    for starting_point in self._iterate_directories(parent_path, is_dir, scandir):
  File "/Library/Developer/CommandLineTools/Library/Frameworks/Python3.framework/Versions/3.9/lib/python3.9/pathlib.py", line 579, in _iterate_directories
    with scandir(parent_path) as scandir_it:
InterruptedError: [Errno 4] Interrupted system call: '/Users/esther/Library/Containers/pro.writer.mac/Data/Documents'
Traceback (most recent call last):
  File "/Library/Developer/CommandLineTools/Library/Frameworks/Python3.framework/Versions/3.9/lib/python3.9/runpy.py", line 197, in _run_module_as_main
    return _run_code(code, main_globals, None,
  File "/Library/Developer/CommandLineTools/Library/Frameworks/Python3.framework/Versions/3.9/lib/python3.9/runpy.py", line 87, in _run_code
    exec(code, run_globals)
  File "/Users/esther/Development/autopublish pipeline/autopublish/__main__.py", line 3, in <module>
    main()
  File "/Users/esther/Development/autopublish pipeline/autopublish/cli.py", line 172, in main
    commands[args.command](args)
  File "/Users/esther/Development/autopublish pipeline/autopublish/cli.py", line 107, in cmd_veto_check
    publisher.republish_if_changed(cfg, current_state)
  File "/Users/esther/Development/autopublish pipeline/autopublish/publisher.py", line 162, in republish_if_changed
    src_path = _find_source(drafts_path, post["source"])
  File "/Users/esther/Development/autopublish pipeline/autopublish/publisher.py", line 32, in _find_source
    for candidate in drafts_path.rglob(source_name):
  File "/Library/Developer/CommandLineTools/Library/Frameworks/Python3.framework/Versions/3.9/lib/python3.9/pathlib.py", line 1180, in rglob
    for p in selector.select_from(self):
  File "/Library/Developer/CommandLineTools/Library/Frameworks/Python3.framework/Versions/3.9/lib/python3.9/pathlib.py", line 600, in _select_from
    for starting_point in self._iterate_directories(parent_path, is_dir, scandir):
  File "/Library/Developer/CommandLineTools/Library/Frameworks/Python3.framework/Versions/3.9/lib/python3.9/pathlib.py", line 590, in _iterate_directories
    for p in self._iterate_directories(path, is_dir, scandir):
  File "/Library/Developer/CommandLineTools/Library/Frameworks/Python3.framework/Versions/3.9/lib/python3.9/pathlib.py", line 579, in _iterate_directories
    with scandir(parent_path) as scandir_it:
InterruptedError: [Errno 4] Interrupted system call: '/Users/esther/Library/Containers/pro.writer.mac/Data/Documents/y - dumps & backups'
Traceback (most recent call last):
  File "/Library/Developer/CommandLineTools/Library/Frameworks/Python3.framework/Versions/3.9/lib/python3.9/runpy.py", line 197, in _run_module_as_main
    return _run_code(code, main_globals, None,
  File "/Library/Developer/CommandLineTools/Library/Frameworks/Python3.framework/Versions/3.9/lib/python3.9/runpy.py", line 87, in _run_code
    exec(code, run_globals)
  File "/Users/esther/Development/autopublish pipeline/autopublish/__main__.py", line 3, in <module>
    main()
  File "/Users/esther/Development/autopublish pipeline/autopublish/cli.py", line 172, in main
    commands[args.command](args)
  File "/Users/esther/Development/autopublish pipeline/autopublish/cli.py", line 107, in cmd_veto_check
    publisher.republish_if_changed(cfg, current_state)
  File "/Users/esther/Development/autopublish pipeline/autopublish/publisher.py", line 162, in republish_if_changed
    src_path = _find_source(drafts_path, post["source"])
  File "/Users/esther/Development/autopublish pipeline/autopublish/publisher.py", line 32, in _find_source
    for candidate in drafts_path.rglob(source_name):
  File "/Library/Developer/CommandLineTools/Library/Frameworks/Python3.framework/Versions/3.9/lib/python3.9/pathlib.py", line 1180, in rglob
    for p in selector.select_from(self):
  File "/Library/Developer/CommandLineTools/Library/Frameworks/Python3.framework/Versions/3.9/lib/python3.9/pathlib.py", line 600, in _select_from
    for starting_point in self._iterate_directories(parent_path, is_dir, scandir):
  File "/Library/Developer/CommandLineTools/Library/Frameworks/Python3.framework/Versions/3.9/lib/python3.9/pathlib.py", line 590, in _iterate_directories
    for p in self._iterate_directories(path, is_dir, scandir):
  File "/Library/Developer/CommandLineTools/Library/Frameworks/Python3.framework/Versions/3.9/lib/python3.9/pathlib.py", line 579, in _iterate_directories
    with scandir(parent_path) as scandir_it:
InterruptedError: [Errno 4] Interrupted system call: '/Users/esther/Library/Containers/pro.writer.mac/Data/Documents/y - dumps & backups'
Traceback (most recent call last):
  File "/Library/Developer/CommandLineTools/Library/Frameworks/Python3.framework/Versions/3.9/lib/python3.9/runpy.py", line 197, in _run_module_as_main
    return _run_code(code, main_globals, None,
  File "/Library/Developer/CommandLineTools/Library/Frameworks/Python3.framework/Versions/3.9/lib/python3.9/runpy.py", line 87, in _run_code
    exec(code, run_globals)
  File "/Users/esther/Development/autopublish pipeline/autopublish/__main__.py", line 3, in <module>
    main()
  File "/Users/esther/Development/autopublish pipeline/autopublish/cli.py", line 172, in main
    commands[args.command](args)
  File "/Users/esther/Development/autopublish pipeline/autopublish/cli.py", line 107, in cmd_veto_check
    publisher.republish_if_changed(cfg, current_state)
  File "/Users/esther/Development/autopublish pipeline/autopublish/publisher.py", line 162, in republish_if_changed
    src_path = _find_source(drafts_path, post["source"])
  File "/Users/esther/Development/autopublish pipeline/autopublish/publisher.py", line 32, in _find_source
    for candidate in drafts_path.rglob(source_name):
  File "/Library/Developer/CommandLineTools/Library/Frameworks/Python3.framework/Versions/3.9/lib/python3.9/pathlib.py", line 1180, in rglob
    for p in selector.select_from(self):
  File "/Library/Developer/CommandLineTools/Library/Frameworks/Python3.framework/Versions/3.9/lib/python3.9/pathlib.py", line 600, in _select_from
    for starting_point in self._iterate_directories(parent_path, is_dir, scandir):
  File "/Library/Developer/CommandLineTools/Library/Frameworks/Python3.framework/Versions/3.9/lib/python3.9/pathlib.py", line 579, in _iterate_directories
    with scandir(parent_path) as scandir_it:
InterruptedError: [Errno 4] Interrupted system call: '/Users/esther/Library/Containers/pro.writer.mac/Data/Documents'
Traceback (most recent call last):
  File "/Library/Developer/CommandLineTools/Library/Frameworks/Python3.framework/Versions/3.9/lib/python3.9/runpy.py", line 197, in _run_module_as_main
    return _run_code(code, main_globals, None,
  File "/Library/Developer/CommandLineTools/Library/Frameworks/Python3.framework/Versions/3.9/lib/python3.9/runpy.py", line 87, in _run_code
    exec(code, run_globals)
  File "/Users/esther/Development/autopublish pipeline/autopublish/__main__.py", line 3, in <module>
    main()
  File "/Users/esther/Development/autopublish pipeline/autopublish/cli.py", line 172, in main
    commands[args.command](args)
  File "/Users/esther/Development/autopublish pipeline/autopublish/cli.py", line 107, in cmd_veto_check
    publisher.republish_if_changed(cfg, current_state)
  File "/Users/esther/Development/autopublish pipeline/autopublish/publisher.py", line 162, in republish_if_changed
    src_path = _find_source(drafts_path, post["source"])
  File "/Users/esther/Development/autopublish pipeline/autopublish/publisher.py", line 32, in _find_source
    for candidate in drafts_path.rglob(source_name):
  File "/Library/Developer/CommandLineTools/Library/Frameworks/Python3.framework/Versions/3.9/lib/python3.9/pathlib.py", line 1180, in rglob
    for p in selector.select_from(self):
  File "/Library/Developer/CommandLineTools/Library/Frameworks/Python3.framework/Versions/3.9/lib/python3.9/pathlib.py", line 600, in _select_from
    for starting_point in self._iterate_directories(parent_path, is_dir, scandir):
  File "/Library/Developer/CommandLineTools/Library/Frameworks/Python3.framework/Versions/3.9/lib/python3.9/pathlib.py", line 579, in _iterate_directories
    with scandir(parent_path) as scandir_it:
InterruptedError: [Errno 4] Interrupted system call: '/Users/esther/Library/Containers/pro.writer.mac/Data/Documents'
Traceback (most recent call last):
  File "/Library/Developer/CommandLineTools/Library/Frameworks/Python3.framework/Versions/3.9/lib/python3.9/runpy.py", line 197, in _run_module_as_main
    return _run_code(code, main_globals, None,
  File "/Library/Developer/CommandLineTools/Library/Frameworks/Python3.framework/Versions/3.9/lib/python3.9/runpy.py", line 87, in _run_code
    exec(code, run_globals)
  File "/Users/esther/Development/autopublish pipeline/autopublish/__main__.py", line 3, in <module>
    main()
  File "/Users/esther/Development/autopublish pipeline/autopublish/cli.py", line 182, in main
    commands[args.command](args)
  File "/Users/esther/Development/autopublish pipeline/autopublish/cli.py", line 117, in cmd_veto_check
    publisher.republish_if_changed(cfg, current_state)
  File "/Users/esther/Development/autopublish pipeline/autopublish/publisher.py", line 162, in republish_if_changed
    src_path = _find_source(drafts_path, post["source"])
  File "/Users/esther/Development/autopublish pipeline/autopublish/publisher.py", line 32, in _find_source
    for candidate in drafts_path.rglob(source_name):
  File "/Library/Developer/CommandLineTools/Library/Frameworks/Python3.framework/Versions/3.9/lib/python3.9/pathlib.py", line 1180, in rglob
    for p in selector.select_from(self):
  File "/Library/Developer/CommandLineTools/Library/Frameworks/Python3.framework/Versions/3.9/lib/python3.9/pathlib.py", line 600, in _select_from
    for starting_point in self._iterate_directories(parent_path, is_dir, scandir):
  File "/Library/Developer/CommandLineTools/Library/Frameworks/Python3.framework/Versions/3.9/lib/python3.9/pathlib.py", line 579, in _iterate_directories
    with scandir(parent_path) as scandir_it:
InterruptedError: [Errno 4] Interrupted system call: '/Users/esther/Library/Containers/pro.writer.mac/Data/Documents'
Traceback (most recent call last):
  File "/Library/Developer/CommandLineTools/Library/Frameworks/Python3.framework/Versions/3.9/lib/python3.9/runpy.py", line 197, in _run_module_as_main
    return _run_code(code, main_globals, None,
  File "/Library/Developer/CommandLineTools/Library/Frameworks/Python3.framework/Versions/3.9/lib/python3.9/runpy.py", line 87, in _run_code
    exec(code, run_globals)
  File "/Users/esther/Development/autopublish pipeline/autopublish/__main__.py", line 3, in <module>
    main()
  File "/Users/esther/Development/autopublish pipeline/autopublish/cli.py", line 182, in main
    commands[args.command](args)
  File "/Users/esther/Development/autopublish pipeline/autopublish/cli.py", line 117, in cmd_veto_check
    publisher.republish_if_changed(cfg, current_state)
  File "/Users/esther/Development/autopublish pipeline/autopublish/publisher.py", line 162, in republish_if_changed
    src_path = _find_source(drafts_path, post["source"])
  File "/Users/esther/Development/autopublish pipeline/autopublish/publisher.py", line 32, in _find_source
    for candidate in drafts_path.rglob(source_name):
  File "/Library/Developer/CommandLineTools/Library/Frameworks/Python3.framework/Versions/3.9/lib/python3.9/pathlib.py", line 1180, in rglob
    for p in selector.select_from(self):
  File "/Library/Developer/CommandLineTools/Library/Frameworks/Python3.framework/Versions/3.9/lib/python3.9/pathlib.py", line 600, in _select_from
    for starting_point in self._iterate_directories(parent_path, is_dir, scandir):
  File "/Library/Developer/CommandLineTools/Library/Frameworks/Python3.framework/Versions/3.9/lib/python3.9/pathlib.py", line 579, in _iterate_directories
    with scandir(parent_path) as scandir_it:
InterruptedError: [Errno 4] Interrupted system call: '/Users/esther/Library/Containers/pro.writer.mac/Data/Documents'
18:02:15 [autopublish.veto] Veto deadline passed — publishing 'My lovely limited life'
18:02:15 [autopublish.publisher] Saved /Users/esther/Documents/from the abysmal (site)/posts/2026-07-06-my-lovely-limited-life.html
18:02:15 [autopublish.publisher] Rebuilt index.html and rss.xml
18:02:15 [autopublish.publisher] Saved /Users/esther/Documents/from the abysmal (site)/archive/2026-07.html
18:02:15 [autopublish.publisher] Saved /Users/esther/Documents/from the abysmal (site)/archive/2026-06.html
18:02:15 [autopublish.publisher] Saved /Users/esther/Documents/from the abysmal (site)/archive/2026-05.html
18:02:15 [autopublish.publisher] Saved /Users/esther/Documents/from the abysmal (site)/archive/2026-04.html
18:02:15 [autopublish.publisher] Saved /Users/esther/Documents/from the abysmal (site)/archive/2026-03.html
18:02:15 [autopublish.publisher] Saved /Users/esther/Documents/from the abysmal (site)/archive/2026-02.html
18:02:15 [autopublish.publisher] Saved /Users/esther/Documents/from the abysmal (site)/archive/2026-01.html
18:02:15 [paramiko.transport] Connected (version 2.0, client OpenSSH_8.4p1)
18:02:15 [paramiko.transport] Authentication (password) successful!
18:02:16 [paramiko.transport.sftp] [chan 0] Opened sftp connection (server version 3)
18:02:16 [autopublish.publisher] Uploaded /fromtheabysmal.net/posts/2026-07-06-my-lovely-limited-life.html
18:02:16 [autopublish.publisher] Uploaded /fromtheabysmal.net/index.html
18:02:16 [autopublish.publisher] Uploaded /fromtheabysmal.net/rss.xml
18:02:16 [autopublish.publisher] Uploaded /fromtheabysmal.net/archive/2026-07.html
18:02:16 [autopublish.publisher] Uploaded /fromtheabysmal.net/archive/2026-06.html
18:02:16 [autopublish.publisher] Uploaded /fromtheabysmal.net/archive/2026-05.html
18:02:16 [autopublish.publisher] Uploaded /fromtheabysmal.net/archive/2026-04.html
18:02:17 [autopublish.publisher] Uploaded /fromtheabysmal.net/archive/2026-03.html
18:02:17 [autopublish.publisher] Uploaded /fromtheabysmal.net/archive/2026-02.html
18:02:17 [autopublish.publisher] Uploaded /fromtheabysmal.net/archive/2026-01.html
18:02:17 [paramiko.transport.sftp] [chan 0] sftp session closed.
18:02:17 [autopublish.publisher] SFTP upload complete (10 files)
18:02:20 [autopublish.notifier] Email sent to mutativedesign@gmail.com: "My lovely limited life" is live
18:02:20 [autopublish.veto] Published: 2026-07-06-my-lovely-limited-life.html
16:20:19 [autopublish.veto] Reply received — treating as veto: 'veto

On Wed, 26 Aug 2026 at 12:02, autopublish
<fromtheabysmalautopublish@gmail'
16:20:19 [autopublish.veto] VETO received for 'limitation/meaning dump' — delayed to tomorrow
16:20:21 [autopublish.notifier] Email sent to thehereticalinvestigator@gmail.com: Esther vetoed "limitation/meaning dump" (#1)
14:39:27 [autopublish.veto] Reply received — treating as veto: 'veto

On Fri, 28 Aug 2026 at 12:50, autopublish
<fromtheabysmalautopublish@gmail'
14:39:28 [autopublish.veto] VETO received for 'Seven Things' — delayed to tomorrow
14:39:29 [autopublish.notifier] Email sent to thehereticalinvestigator@gmail.com: Esther vetoed "Seven Things" (#1)
Traceback (most recent call last):
  File "/Library/Developer/CommandLineTools/Library/Frameworks/Python3.framework/Versions/3.9/lib/python3.9/runpy.py", line 197, in _run_module_as_main
    return _run_code(code, main_globals, None,
  File "/Library/Developer/CommandLineTools/Library/Frameworks/Python3.framework/Versions/3.9/lib/python3.9/runpy.py", line 87, in _run_code
    exec(code, run_globals)
  File "/Users/esther/Development/autopublish pipeline/autopublish/__main__.py", line 3, in <module>
    main()
  File "/Users/esther/Development/autopublish pipeline/autopublish/cli.py", line 182, in main
    commands[args.command](args)
  File "/Users/esther/Development/autopublish pipeline/autopublish/cli.py", line 117, in cmd_veto_check
    publisher.republish_if_changed(cfg, current_state)
  File "/Users/esther/Development/autopublish pipeline/autopublish/publisher.py", line 173, in republish_if_changed
    src_path = _find_source(drafts_path, post["source"], cfg.get("exclude_dirs", []))
  File "/Users/esther/Development/autopublish pipeline/autopublish/publisher.py", line 43, in _find_source
    for candidate in drafts_path.rglob(source_name):
  File "/Library/Developer/CommandLineTools/Library/Frameworks/Python3.framework/Versions/3.9/lib/python3.9/pathlib.py", line 1180, in rglob
    for p in selector.select_from(self):
  File "/Library/Developer/CommandLineTools/Library/Frameworks/Python3.framework/Versions/3.9/lib/python3.9/pathlib.py", line 600, in _select_from
    for starting_point in self._iterate_directories(parent_path, is_dir, scandir):
  File "/Library/Developer/CommandLineTools/Library/Frameworks/Python3.framework/Versions/3.9/lib/python3.9/pathlib.py", line 579, in _iterate_directories
    with scandir(parent_path) as scandir_it:
InterruptedError: [Errno 4] Interrupted system call: '/Users/esther/Library/Containers/pro.writer.mac/Data/Documents'
20:26:17 [autopublish.veto] Reply received — treating as veto: 'veto

On Mon, 31 Aug 2026 at 12:09, autopublish
<fromtheabysmalautopublish@gmail'
20:26:18 [autopublish.veto] VETO received for 'limitation/meaning dump' — delayed to tomorrow
20:26:20 [autopublish.notifier] Email sent to thehereticalinvestigator@gmail.com: Esther vetoed "limitation/meaning dump" (#2)
17:24:01 [autopublish.veto] Reply received — treating as veto: 'VETO'
17:24:01 [autopublish.veto] VETO received for 'Seven Things' — delayed to tomorrow
17:24:02 [autopublish.notifier] Email sent to thehereticalinvestigator@gmail.com: Esther vetoed "Seven Things" (#2)
Traceback (most recent call last):
  File "/Library/Developer/CommandLineTools/Library/Frameworks/Python3.framework/Versions/3.9/lib/python3.9/runpy.py", line 197, in _run_module_as_main
    return _run_code(code, main_globals, None,
  File "/Library/Developer/CommandLineTools/Library/Frameworks/Python3.framework/Versions/3.9/lib/python3.9/runpy.py", line 87, in _run_code
    exec(code, run_globals)
  File "/Users/esther/Development/autopublish pipeline/autopublish/__main__.py", line 3, in <module>
    main()
  File "/Users/esther/Development/autopublish pipeline/autopublish/cli.py", line 182, in main
    commands[args.command](args)
  File "/Users/esther/Development/autopublish pipeline/autopublish/cli.py", line 117, in cmd_veto_check
    publisher.republish_if_changed(cfg, current_state)
  File "/Users/esther/Development/autopublish pipeline/autopublish/publisher.py", line 173, in republish_if_changed
    src_path = _find_source(drafts_path, post["source"], cfg.get("exclude_dirs", []))
  File "/Users/esther/Development/autopublish pipeline/autopublish/publisher.py", line 43, in _find_source
    for candidate in drafts_path.rglob(source_name):
  File "/Library/Developer/CommandLineTools/Library/Frameworks/Python3.framework/Versions/3.9/lib/python3.9/pathlib.py", line 1180, in rglob
    for p in selector.select_from(self):
  File "/Library/Developer/CommandLineTools/Library/Frameworks/Python3.framework/Versions/3.9/lib/python3.9/pathlib.py", line 600, in _select_from
    for starting_point in self._iterate_directories(parent_path, is_dir, scandir):
  File "/Library/Developer/CommandLineTools/Library/Frameworks/Python3.framework/Versions/3.9/lib/python3.9/pathlib.py", line 579, in _iterate_directories
    with scandir(parent_path) as scandir_it:
InterruptedError: [Errno 4] Interrupted system call: '/Users/esther/Library/Containers/pro.writer.mac/Data/Documents'
16:06:27 [autopublish.veto] Veto deadline passed — publishing 'am i autistic; does it matter'
16:06:27 [autopublish.publisher] Saved /Users/esther/Documents/from the abysmal (site)/posts/2026-09-08-am-i-autistic-does-it-matter.html
16:06:27 [autopublish.publisher] Rebuilt index.html and rss.xml
16:06:27 [autopublish.publisher] Saved /Users/esther/Documents/from the abysmal (site)/archive/2026-09.html
16:06:27 [autopublish.publisher] Saved /Users/esther/Documents/from the abysmal (site)/archive/2026-07.html
16:06:27 [autopublish.publisher] Saved /Users/esther/Documents/from the abysmal (site)/archive/2026-06.html
16:06:27 [autopublish.publisher] Saved /Users/esther/Documents/from the abysmal (site)/archive/2026-05.html
16:06:27 [autopublish.publisher] Saved /Users/esther/Documents/from the abysmal (site)/archive/2026-04.html
16:06:27 [autopublish.publisher] Saved /Users/esther/Documents/from the abysmal (site)/archive/2026-03.html
16:06:27 [autopublish.publisher] Saved /Users/esther/Documents/from the abysmal (site)/archive/2026-02.html
16:06:27 [autopublish.publisher] Saved /Users/esther/Documents/from the abysmal (site)/archive/2026-01.html
16:06:27 [paramiko.transport] Connected (version 2.0, client OpenSSH_10.0p2)
16:06:27 [paramiko.transport] Authentication (password) successful!
16:06:27 [paramiko.transport.sftp] [chan 0] Opened sftp connection (server version 3)
16:06:28 [autopublish.publisher] Uploaded /fromtheabysmal.net/posts/2026-09-08-am-i-autistic-does-it-matter.html
16:06:28 [autopublish.publisher] Uploaded /fromtheabysmal.net/index.html
16:06:28 [autopublish.publisher] Uploaded /fromtheabysmal.net/rss.xml
16:06:28 [autopublish.publisher] Uploaded /fromtheabysmal.net/archive/2026-09.html
16:06:28 [autopublish.publisher] Uploaded /fromtheabysmal.net/archive/2026-07.html
16:06:28 [autopublish.publisher] Uploaded /fromtheabysmal.net/archive/2026-06.html
16:06:28 [autopublish.publisher] Uploaded /fromtheabysmal.net/archive/2026-05.html
16:06:28 [autopublish.publisher] Uploaded /fromtheabysmal.net/archive/2026-04.html
16:06:28 [autopublish.publisher] Uploaded /fromtheabysmal.net/archive/2026-03.html
16:06:28 [autopublish.publisher] Uploaded /fromtheabysmal.net/archive/2026-02.html
16:06:28 [autopublish.publisher] Uploaded /fromtheabysmal.net/archive/2026-01.html
16:06:28 [paramiko.transport.sftp] [chan 0] sftp session closed.
16:06:28 [autopublish.publisher] SFTP upload complete (11 files)
16:06:30 [autopublish.notifier] Email sent to mutativedesign@gmail.com: "am i autistic; does it matter" is live
16:06:30 [autopublish.veto] Published: 2026-09-08-am-i-autistic-does-it-matter.html
09:16:46 [autopublish.publisher] Source changed for 'lovely limitation' — re-publishing
09:16:46 [autopublish.publisher] Saved /Users/esther/Documents/from the abysmal (site)/posts/2026-07-06-my-lovely-limited-life.html
09:16:46 [autopublish.publisher] Rebuilt index.html and rss.xml
09:16:46 [autopublish.publisher] Saved /Users/esther/Documents/from the abysmal (site)/archive/2026-09.html
09:16:46 [autopublish.publisher] Saved /Users/esther/Documents/from the abysmal (site)/archive/2026-07.html
09:16:46 [autopublish.publisher] Saved /Users/esther/Documents/from the abysmal (site)/archive/2026-06.html
09:16:46 [autopublish.publisher] Saved /Users/esther/Documents/from the abysmal (site)/archive/2026-05.html
09:16:46 [autopublish.publisher] Saved /Users/esther/Documents/from the abysmal (site)/archive/2026-04.html
09:16:46 [autopublish.publisher] Saved /Users/esther/Documents/from the abysmal (site)/archive/2026-03.html
09:16:46 [autopublish.publisher] Saved /Users/esther/Documents/from the abysmal (site)/archive/2026-02.html
09:16:46 [autopublish.publisher] Saved /Users/esther/Documents/from the abysmal (site)/archive/2026-01.html
09:16:46 [paramiko.transport] Connected (version 2.0, client OpenSSH_10.0p2)
09:16:47 [paramiko.transport] Authentication (password) successful!
09:16:47 [paramiko.transport.sftp] [chan 0] Opened sftp connection (server version 3)
09:16:47 [autopublish.publisher] Uploaded /fromtheabysmal.net/posts/2026-07-06-my-lovely-limited-life.html
09:16:47 [autopublish.publisher] Uploaded /fromtheabysmal.net/index.html
09:16:48 [autopublish.publisher] Uploaded /fromtheabysmal.net/rss.xml
09:16:48 [autopublish.publisher] Uploaded /fromtheabysmal.net/archive/2026-09.html
09:16:48 [autopublish.publisher] Uploaded /fromtheabysmal.net/archive/2026-07.html
09:16:48 [autopublish.publisher] Uploaded /fromtheabysmal.net/archive/2026-06.html
09:16:48 [autopublish.publisher] Uploaded /fromtheabysmal.net/archive/2026-05.html
09:16:48 [autopublish.publisher] Uploaded /fromtheabysmal.net/archive/2026-04.html
09:16:48 [autopublish.publisher] Uploaded /fromtheabysmal.net/archive/2026-03.html
09:16:48 [autopublish.publisher] Uploaded /fromtheabysmal.net/archive/2026-02.html
09:16:48 [autopublish.publisher] Uploaded /fromtheabysmal.net/archive/2026-01.html
09:16:48 [paramiko.transport.sftp] [chan 0] sftp session closed.
09:16:48 [autopublish.publisher] SFTP upload complete (11 files)
09:16:50 [autopublish.notifier] Email sent to mutativedesign@gmail.com: "lovely limitation" updated
09:16:50 [autopublish.publisher] Re-published 'lovely limitation' as 2026-07-06-my-lovely-limited-life with revision date 2026-09-11
09:46:50 [autopublish.publisher] Source changed for 'am i autistic; does it matter' — re-publishing
09:46:50 [autopublish.publisher] Title changed: 'am i autistic; does it matter' → 'Am I autistic; does it matter'
09:46:50 [autopublish.publisher] Saved /Users/esther/Documents/from the abysmal (site)/posts/2026-09-08-am-i-autistic-does-it-matter.html
09:46:50 [autopublish.publisher] Rebuilt index.html and rss.xml
09:46:50 [autopublish.publisher] Saved /Users/esther/Documents/from the abysmal (site)/archive/2026-09.html
09:46:50 [autopublish.publisher] Saved /Users/esther/Documents/from the abysmal (site)/archive/2026-07.html
09:46:50 [autopublish.publisher] Saved /Users/esther/Documents/from the abysmal (site)/archive/2026-06.html
09:46:50 [autopublish.publisher] Saved /Users/esther/Documents/from the abysmal (site)/archive/2026-05.html
09:46:50 [autopublish.publisher] Saved /Users/esther/Documents/from the abysmal (site)/archive/2026-04.html
09:46:50 [autopublish.publisher] Saved /Users/esther/Documents/from the abysmal (site)/archive/2026-03.html
09:46:50 [autopublish.publisher] Saved /Users/esther/Documents/from the abysmal (site)/archive/2026-02.html
09:46:50 [autopublish.publisher] Saved /Users/esther/Documents/from the abysmal (site)/archive/2026-01.html
09:46:50 [paramiko.transport] Connected (version 2.0, client OpenSSH_10.0p2)
09:46:51 [paramiko.transport] Authentication (password) successful!
09:46:51 [paramiko.transport.sftp] [chan 0] Opened sftp connection (server version 3)
09:46:51 [autopublish.publisher] Uploaded /fromtheabysmal.net/posts/2026-09-08-am-i-autistic-does-it-matter.html
09:46:51 [autopublish.publisher] Uploaded /fromtheabysmal.net/index.html
09:46:52 [autopublish.publisher] Uploaded /fromtheabysmal.net/rss.xml
09:46:52 [autopublish.publisher] Uploaded /fromtheabysmal.net/archive/2026-09.html
09:46:52 [autopublish.publisher] Uploaded /fromtheabysmal.net/archive/2026-07.html
09:46:52 [autopublish.publisher] Uploaded /fromtheabysmal.net/archive/2026-06.html
09:46:52 [autopublish.publisher] Uploaded /fromtheabysmal.net/archive/2026-05.html
09:46:52 [autopublish.publisher] Uploaded /fromtheabysmal.net/archive/2026-04.html
09:46:52 [autopublish.publisher] Uploaded /fromtheabysmal.net/archive/2026-03.html
09:46:52 [autopublish.publisher] Uploaded /fromtheabysmal.net/archive/2026-02.html
09:46:52 [autopublish.publisher] Uploaded /fromtheabysmal.net/archive/2026-01.html
09:46:52 [paramiko.transport.sftp] [chan 0] sftp session closed.
09:46:52 [autopublish.publisher] SFTP upload complete (11 files)
09:47:06 [autopublish.notifier] Email sent to mutativedesign@gmail.com: "Am I autistic; does it matter" updated
09:47:06 [autopublish.publisher] Re-published 'Am I autistic; does it matter' as 2026-09-08-am-i-autistic-does-it-matter with revision date 2026-09-11
14:46:56 [autopublish.fsutil] Interrupted scanning /Users/esther/Library/Containers/pro.writer.mac/Data/Documents (attempt 1/5): [Errno 4] Interrupted system call: '/Users/esther/Library/Containers/pro.writer.mac/Data/Documents/Z - #nopublish drafts'
08:58:16 [autopublish.publisher] Source changed for 'An introduction to an introduction to Human Design' — re-publishing
08:58:16 [autopublish.publisher] Saved /Users/esther/Documents/from the abysmal (site)/posts/2026-01-28-an-introduction-to-an-introduction-to-human-design.html
08:58:16 [autopublish.publisher] Rebuilt index.html and rss.xml
08:58:16 [autopublish.publisher] Saved /Users/esther/Documents/from the abysmal (site)/archive/2026-09.html
08:58:16 [autopublish.publisher] Saved /Users/esther/Documents/from the abysmal (site)/archive/2026-07.html
08:58:16 [autopublish.publisher] Saved /Users/esther/Documents/from the abysmal (site)/archive/2026-06.html
08:58:16 [autopublish.publisher] Saved /Users/esther/Documents/from the abysmal (site)/archive/2026-05.html
08:58:16 [autopublish.publisher] Saved /Users/esther/Documents/from the abysmal (site)/archive/2026-04.html
08:58:16 [autopublish.publisher] Saved /Users/esther/Documents/from the abysmal (site)/archive/2026-03.html
08:58:16 [autopublish.publisher] Saved /Users/esther/Documents/from the abysmal (site)/archive/2026-02.html
08:58:16 [autopublish.publisher] Saved /Users/esther/Documents/from the abysmal (site)/archive/2026-01.html
08:58:16 [paramiko.transport] Connected (version 2.0, client OpenSSH_10.0p2)
08:58:16 [paramiko.transport] Authentication (password) successful!
08:58:17 [paramiko.transport.sftp] [chan 0] Opened sftp connection (server version 3)
08:58:17 [autopublish.publisher] Uploaded /fromtheabysmal.net/posts/2026-01-28-an-introduction-to-an-introduction-to-human-design.html
08:58:17 [autopublish.publisher] Uploaded /fromtheabysmal.net/index.html
08:58:17 [autopublish.publisher] Uploaded /fromtheabysmal.net/rss.xml
08:58:17 [autopublish.publisher] Uploaded /fromtheabysmal.net/archive/2026-09.html
08:58:18 [autopublish.publisher] Uploaded /fromtheabysmal.net/archive/2026-07.html
08:58:18 [autopublish.publisher] Uploaded /fromtheabysmal.net/archive/2026-06.html
08:58:18 [autopublish.publisher] Uploaded /fromtheabysmal.net/archive/2026-05.html
08:58:18 [autopublish.publisher] Uploaded /fromtheabysmal.net/archive/2026-04.html
08:58:18 [autopublish.publisher] Uploaded /fromtheabysmal.net/archive/2026-03.html
08:58:18 [autopublish.publisher] Uploaded /fromtheabysmal.net/archive/2026-02.html
08:58:18 [autopublish.publisher] Uploaded /fromtheabysmal.net/archive/2026-01.html
08:58:18 [paramiko.transport.sftp] [chan 0] sftp session closed.
08:58:18 [autopublish.publisher] SFTP upload complete (11 files)
08:58:19 [autopublish.notifier] Email sent to mutativedesign@gmail.com: "An introduction to an introduction to Human Design" updated
08:58:20 [autopublish.publisher] Re-published 'An introduction to an introduction to Human Design' as 2026-01-28-an-introduction-to-an-introduction-to-human-design with revision date 2026-09-16
